1,0.0,20170601010210,"[1, 0, 0]","[0, 0, 0]","[0, 0, 0]","[1, 1, 5]",126873,2017-06-12 10:50:47,00.002021,"[0, 1, 2, 2, 2, 2, 2]","[0, 1]"
2,0.0,20170601010210,"[1, 0, 1]","[0, 0, 0]","[0, 0, 1]","[1, 1, 5]",126873,2017-06-12 10:50:48,00.057404,"[0, 1, 2, 2, 2, 2, 2]","[0, 2]"
3,33.33,20170601010210,"[1, 0, 2]","[0, 0, 0]","[0, 0, 0]","[1, 1, 5]",126873,2017-06-12 10:50:49,00.072790,"[0, 1, 2, 2, 2, 2, 2]","[1, 2]"
4,50.0,20170601010210,"[1, 1, 2]","[0, 0, 0]","[0, 0, 0]","[1.0, 1.0, 2.0]",126872,2017-06-12 10:50:51,00.090299,"[0, 1, 2, 2]","[2, 2]"
5,40.0,20170601010210,"[1, 1, 3]","[0, 0, 0]","[0, 0, 0]","[1.0, 1.0, 3.0]",126872,2017-06-12 10:50:52,00.107802,"[0, 1, 2, 2, 2]","[2, 3]"
6,33.33,20170601010210,"[2, 1, 3]","[0, 0, 0]","[0, 0, 0]","[1.0, 2.0, 3.0]",126881,2017-06-12 10:50:53,00.134822,"[0, 1, 1, 2, 2, 2]","[2, 4]"
7,28.57,20170601010210,"[2, 1, 4]","[0, 0, 0]","[0, 0, 1]","[1.0, 2.0, 4.0]",126881,2017-06-12 10:50:55,00.152549,"[0, 1, 1, 2, 2, 2, 2]","[2, 5]"
8,25.0,20170601010210,"[2, 1, 5]","[0, 0, 0]","[0, 0, 0]","[1.0, 2.0, 5.0]",126881,2017-06-12 10:50:56,00.168969,"[0, 1, 1, 2, 2, 2, 2, 2]","[2, 6]"
9,22.22,20170601010210,"[2, 2, 5]","[0, 0, 0]","[0, 0, 0]","[1.0, 1.0, 2.5]",126873,2017-06-12 10:50:57,00.184965,"[0, 1, 2, 2]","[2, 7]"
10,30.0,20170601010210,"[3, 2, 5]","[0, 0, 0]","[0, 0, 0]","[1.0, 1.5, 2.5]",126882,2017-06-12 10:50:59,00.208970,"[0, 1, 1, 2, 2]","[3, 7]"
11,45.45,20170601010210,"[3, 2, 6]","[0, 0, 0]","[0, 0, 1]","[1.0, 1.5, 3.0]",126882,2017-06-12 10:51:00,00.231077,"[0, 1, 1, 2, 2, 2]","[5, 6]"
12,58.33,20170601010210,"[3, 2, 7]","[0, 0, 2]","[0, 0, 2]","[1.0, 1.5, 3.5]",126882,2017-06-12 10:51:01,00.252072,"[0, 1, 1, 2, 2, 2, 2]","[7, 5]"
13,46.15,20170601010210,"[3, 2, 8]","[0, 0, 2]","[0, 0, 3]","[1.0, 1.5, 4.0]",126882,2017-06-12 10:51:02,00.275074,"[0, 1, 1, 2, 2, 2, 2]","[6, 7]"
14,50.0,20170601010210,"[3, 2, 9]","[0, 0, 4]","[0, 0, 4]","[1.0, 1.5, 4.5]",126882,2017-06-12 10:51:04,00.289523,"[0, 1, 1, 2, 2, 2, 2]","[7, 7]"
15,53.33,20170601010210,"[3, 2, 10]","[0, 0, 4]","[0, 0, 5]","[1.0, 1.5, 5.0]",126882,2017-06-12 10:51:05,00.319014,"[0, 1, 1, 2, 2, 2, 2, 2]","[8, 7]"
16,50.0,20170601010210,"[3, 2, 11]","[0, 0, 6]","[0, 0, 6]","[1.0, 1.5, 5.5]",126882,2017-06-12 10:51:06,00.341974,"[0, 1, 1, 2, 2, 2, 2, 2, 2]","[8, 8]"
17,52.94,20170601010210,"[3, 2, 12]","[0, 0, 6]","[0, 0, 7]","[1.0, 1.5, 6.0]",126882,2017-06-12 10:51:07,00.363973,"[0, 1, 1, 2, 2, 2, 2, 2, 2]","[9, 8]"
18,55.56,20170601010210,"[3, 2, 13]","[0, 0, 8]","[0, 0, 8]","[1.0, 1.5, 6.5]",126882,2017-06-12 10:51:09,00.385996,"[0, 1, 1, 2, 2, 2, 2, 2, 2]","[10, 8]"
19,42.11,20170601010210,"[3, 2, 14]","[0, 0, 8]","[0, 0, 0]","[1.0, 1.5, 7.0]",126882,2017-06-12 10:51:10,00.407970,"[0, 1, 1, 2, 2, 2, 2, 2, 2, 2]","[8, 11]"
20,50.0,20170601010210,"[3, 3, 14]","[0, 0, 8]","[0, 0, 0]","[1.0, 1.0, 4.67]",126877,2017-06-12 10:51:11,00.431016,"[0, 1, 2, 2, 2, 2, 2]","[10, 10]"
21,57.14,20170601010210,"[4, 3, 14]","[0, 0, 8]","[0, 0, 0]","[1.0, 1.33, 4.67]",126882,2017-06-12 10:51:13,00.451975,"[0, 1, 2, 2, 2, 2, 2]","[12, 9]"
22,54.55,20170601010210,"[4, 3, 15]","[0, 0, 8]","[0, 0, 0]","[1.0, 1.33, 5.0]",126882,2017-06-12 10:51:14,00.473975,"[0, 1, 2, 2, 2, 2, 2]","[12, 10]"
23,47.83,20170601010210,"[4, 4, 15]","[0, 0, 8]","[0, 0, 0]","[1.0, 1.0, 3.75]",126875,2017-06-12 10:51:15,00.506977,"[0, 1, 2, 2, 2, 2]","[11, 12]"
24,50.0,20170601010210,"[4, 4, 16]","[0, 0, 8]","[0, 0, 1]","[1.0, 1.0, 4.0]",126875,2017-06-12 10:51:17,00.530980,"[0, 1, 2, 2, 2, 2]","[12, 12]"
25,52.0,20170601010210,"[4, 4, 17]","[0, 0, 8]","[0, 0, 2]","[1.0, 1.0, 4.25]",126875,2017-06-12 10:51:18,00.551998,"[0, 1, 2, 2, 2, 2]","[13, 12]"
26,57.69,20170601010210,"[4, 4, 18]","[0, 0, 8]","[0, 0, 3]","[1.0, 1.0, 4.5]",126875,2017-06-12 10:51:19,00.574387,"[0, 1, 2, 2, 2, 2]","[15, 11]"
27,59.26,20170601010210,"[4, 4, 19]","[0, 0, 8]","[0, 0, 4]","[1.0, 1.0, 4.75]",126875,2017-06-12 10:51:21,00.593554,"[0, 1, 2, 2, 2, 2, 2]","[16, 11]"
28,60.71,20170601010210,"[4, 4, 20]","[0, 0, 8]","[0, 0, 5]","[1.0, 1.0, 5.0]",126875,2017-06-12 10:51:22,00.613558,"[0, 1, 2, 2, 2, 2, 2]","[17, 11]"
29,55.17,20170601010210,"[4, 4, 21]","[0, 0, 8]","[0, 0, 6]","[1.0, 1.0, 5.25]",126875,2017-06-12 10:51:23,00.638953,"[0, 1, 2, 2, 2, 2, 2]","[16, 13]"
30,56.67,20170601010210,"[4, 4, 22]","[0, 0, 8]","[0, 0, 7]","[1.0, 1.0, 5.5]",126875,2017-06-12 10:51:24,00.663889,"[0, 1, 2, 2, 2, 2, 2, 2]","[17, 13]"
31,58.06,20170601010210,"[4, 4, 23]","[0, 0, 8]","[0, 0, 8]","[1.0, 1.0, 5.75]",126875,2017-06-12 10:51:26,00.698734,"[0, 1, 2, 2, 2, 2, 2, 2]","[18, 13]"
32,59.38,20170601010210,"[4, 4, 24]","[0, 0, 8]","[0, 0, 9]","[1.0, 1.0, 6.0]",126875,2017-06-12 10:51:27,00.720548,"[0, 1, 2, 2, 2, 2, 2, 2]","[19, 13]"
33,54.55,20170601010210,"[4, 4, 25]","[0, 0, 10]","[0, 0, 10]","[1.0, 1.0, 6.25]",126875,2017-06-12 10:51:28,00.751776,"[0, 1, 2, 2, 2, 2, 2, 2]","[18, 15]"
34,70.59,20170601010210,"[4, 4, 26]","[0, 0, 10]","[0, 0, 0]","[1.0, 1.0, 6.5]",126875,2017-06-12 10:51:29,00.773115,"[0, 1, 2, 2, 2, 2, 2, 2]","[24, 10]"
35,45.71,20170601010210,"[5, 4, 26]","[0, 0, 10]","[0, 0, 0]","[1.0, 1.25, 6.5]",126884,2017-06-12 10:51:31,00.796242,"[0, 1, 2, 2, 2, 2, 2, 2]","[16, 19]"
36,47.22,20170601010210,"[5, 5, 26]","[0, 0, 10]","[0, 0, 0]","[1.0, 1.0, 5.2]",126875,2017-06-12 10:51:32,00.818422,"[0, 1, 2, 2, 2, 2, 2]","[17, 19]"
37,51.35,20170601010210,"[6, 5, 26]","[0, 0, 10]","[0, 0, 0]","[1.0, 1.2, 5.2]",126884,2017-06-12 10:51:33,00.839420,"[0, 1, 2, 2, 2, 2, 2]","[19, 18]"
38,44.74,20170601010210,"[6, 5, 27]","[0, 0, 10]","[0, 0, 1]","[1.0, 1.2, 5.4]",126884,2017-06-12 10:51:35,00.873700,"[0, 1, 2, 2, 2, 2, 2]","[17, 21]"
39,51.28,20170601010210,"[6, 5, 28]","[0, 0, 10]","[0, 0, 0]","[1.0, 1.2, 5.6]",126884,2017-06-12 10:51:36,00.897977,"[0, 1, 2, 2, 2, 2, 2, 2]","[20, 19]"
40,57.5,20170601010210,"[7, 5, 28]","[0, 0, 10]","[0, 0, 0]","[1.0, 1.4, 5.6]",126893,2017-06-12 10:51:38,00.920529,"[0, 1, 2, 2, 2, 2, 2, 2]","[23, 17]"
41,46.34,20170601010210,"[7, 5, 29]","[0, 0, 10]","[0, 0, 0]","[1.0, 1.4, 5.8]",126893,2017-06-12 10:51:39,00.951441,"[0, 1, 2, 2, 2, 2, 2, 2]","[19, 22]"
42,54.76,20170601010210,"[7, 6, 29]","[0, 0, 10]","[0, 0, 0]","[1.0, 1.17, 4.83]",126885,2017-06-12 10:51:40,00.972809,"[0, 1, 2, 2, 2, 2, 2]","[23, 19]"
43,51.16,20170601010210,"[7, 6, 30]","[0, 0, 10]","[0, 0, 1]","[1.0, 1.17, 5.0]",126885,2017-06-12 10:51:41,00.996006,"[0, 1, 2, 2, 2, 2, 2]","[22, 21]"
44,52.27,20170601010210,"[7, 6, 31]","[0, 0, 10]","[0, 0, 0]","[1.0, 1.17, 5.17]",126885,2017-06-12 10:51:43,01.020144,"[0, 1, 2, 2, 2, 2, 2]","[23, 21]"
45,40.0,20170601010210,"[8, 6, 31]","[0, 0, 10]","[0, 0, 0]","[1.0, 1.33, 5.17]",126893,2017-06-12 10:51:44,01.053375,"[0, 1, 2, 2, 2, 2, 2]","[18, 27]"
46,45.65,20170601010210,"[8, 7, 31]","[0, 0, 10]","[0, 0, 0]","[1.0, 1.14, 4.43]",126885,2017-06-12 10:51:45,01.073375,"[0, 1, 2, 2, 2, 2]","[21, 25]"
47,57.45,20170601010210,"[9, 7, 31]","[0, 0, 10]","[0, 0, 0]","[1.0, 1.29, 4.43]",126892,2017-06-12 10:51:47,01.096377,"[0, 1, 2, 2, 2, 2]","[27, 20]"
48,43.75,20170601010210,"[9, 7, 32]","[0, 0, 10]","[0, 0, 1]","[1.0, 1.29, 4.57]",126892,2017-06-12 10:51:48,01.118430,"[0, 1, 2, 2, 2, 2, 2]","[21, 27]"
49,53.06,20170601010210,"[9, 7, 33]","[0, 0, 10]","[0, 0, 2]","[1.0, 1.29, 4.71]",126892,2017-06-12 10:51:49,01.139585,"[0, 1, 2, 2, 2, 2, 2]","[26, 23]"
50,52.0,20170601010210,"[9, 7, 34]","[0, 0, 10]","[0, 0, 3]","[1.0, 1.29, 4.86]",126892,2017-06-12 10:51:51,01.156570,"[0, 1, 2, 2, 2, 2, 2]","[26, 24]"
51,52.94,20170601010210,"[9, 7, 35]","[0, 0, 10]","[0, 0, 4]","[1.0, 1.29, 5.0]",126892,2017-06-12 10:51:52,01.183730,"[0, 1, 2, 2, 2, 2, 2]","[27, 24]"
52,61.54,20170601010210,"[9, 7, 36]","[0, 0, 10]","[0, 0, 0]","[1.0, 1.29, 5.14]",126892,2017-06-12 10:51:54,01.263872,"[0, 1, 2, 2, 2, 2, 2]","[32, 20]"
53,45.28,20170601010210,"[10, 7, 36]","[0, 0, 10]","[0, 0, 0]","[1.0, 1.43, 5.14]",126893,2017-06-12 10:51:55,01.285812,"[0, 1, 2, 2, 2, 2, 2]","[24, 29]"
54,38.89,20170601010210,"[10, 7, 37]","[0, 0, 10]","[0, 0, 1]","[1.0, 1.43, 5.29]",126893,2017-06-12 10:51:56,01.303956,"[0, 1, 2, 2, 2, 2, 2]","[21, 33]"
55,49.09,20170601010210,"[10, 7, 38]","[0, 0, 10]","[0, 0, 2]","[1.0, 1.43, 5.43]",126893,2017-06-12 10:51:57,01.323937,"[0, 1, 2, 2, 2, 2, 2]","[27, 28]"
56,53.57,20170601010210,"[10, 7, 39]","[0, 0, 10]","[0, 0, 3]","[1.0, 1.43, 5.57]",126893,2017-06-12 10:51:59,01.345443,"[0, 1, 2, 2, 2, 2, 2, 2]","[30, 26]"
57,61.4,20170601010210,"[10, 7, 40]","[0, 0, 10]","[0, 0, 4]","[1.0, 1.43, 5.71]",126893,2017-06-12 10:52:00,01.371430,"[0, 1, 2, 2, 2, 2, 2, 2]","[35, 22]"
58,63.79,20170601010210,"[10, 7, 41]","[0, 0, 10]","[0, 0, 5]","[1.0, 1.43, 5.86]",126893,2017-06-12 10:52:01,01.394928,"[0, 1, 2, 2, 2, 2, 2, 2]","[37, 21]"
59,59.32,20170601010210,"[10, 7, 42]","[0, 0, 10]","[0, 0, 6]","[1.0, 1.43, 6.0]",126893,2017-06-12 10:52:03,01.427091,"[0, 1, 2, 2, 2, 2, 2, 2]","[35, 24]"
60,58.33,20170601010210,"[10, 7, 43]","[0, 0, 10]","[0, 0, 7]","[1.0, 1.43, 6.14]",126893,2017-06-12 10:52:04,01.451997,"[0, 1, 2, 2, 2, 2, 2, 2]","[35, 25]"
61,59.02,20170601010210,"[10, 7, 44]","[0, 0, 10]","[0, 0, 8]","[1.0, 1.43, 6.29]",126893,2017-06-12 10:52:05,01.491744,"[0, 1, 2, 2, 2, 2, 2, 2]","[36, 25]"
62,56.45,20170601010210,"[10, 7, 45]","[0, 0, 10]","[0, 0, 9]","[1.0, 1.43, 6.43]",126893,2017-06-12 10:52:07,01.514938,"[0, 1, 2, 2, 2, 2, 2, 2]","[35, 27]"
63,57.14,20170601010210,"[10, 7, 46]","[0, 0, 10]","[0, 0, 10]","[1.0, 1.43, 6.57]",126893,2017-06-12 10:52:08,01.539938,"[0, 1, 2, 2, 2, 2, 2, 2, 2]","[36, 27]"
64,65.62,20170601010210,"[10, 7, 47]","[0, 0, 10]","[0, 0, 11]","[1.0, 1.43, 6.71]",126893,2017-06-12 10:52:09,01.565811,"[0, 1, 2, 2, 2, 2, 2, 2, 2]","[42, 22]"
65,61.54,20170601010210,"[10, 7, 48]","[0, 0, 0]","[0, 0, 0]","[1.0, 1.43, 6.86]",126893,2017-06-12 10:52:11,01.595973,"[0, 1, 2, 2, 2, 2, 2, 2, 2]","[40, 25]"
66,50.0,20170601010210,"[10, 8, 48]","[0, 0, 0]","[0, 0, 0]","[1.0, 1.25, 6.0]",126892,2017-06-12 10:52:12,01.618689,"[0, 1, 2, 2, 2, 2, 2, 2]","[33, 33]"
67,61.19,20170601010210,"[10, 8, 49]","[0, 0, 0]","[0, 0, 1]","[1.0, 1.25, 6.12]",126892,2017-06-12 10:52:13,01.648847,"[0, 1, 2, 2, 2, 2, 2, 2]","[41, 26]"
68,61.76,20170601010210,"[10, 8, 50]","[0, 0, 2]","[0, 0, 2]","[1.0, 1.25, 6.25]",126892,2017-06-12 10:52:14,01.670849,"[0, 1, 2, 2, 2, 2, 2, 2]","[42, 26]"
69,50.72,20170601010210,"[10, 8, 51]","[0, 0, 2]","[0, 0, 3]","[1.0, 1.25, 6.38]",126892,2017-06-12 10:52:16,01.696851,"[0, 1, 2, 2, 2, 2, 2, 2]","[35, 34]"
70,62.86,20170601010210,"[10, 8, 52]","[0, 0, 0]","[0, 0, 0]","[1.0, 1.25, 6.5]",126892,2017-06-12 10:52:17,01.726857,"[0, 1, 2, 2, 2, 2, 2, 2]","[44, 26]"
71,59.15,20170601010210,"[11, 8, 52]","[0, 0, 0]","[0, 0, 0]","[1.0, 1.38, 6.5]",126893,2017-06-12 10:52:18,01.756148,"[0, 1, 2, 2, 2, 2, 2, 2]","[42, 29]"
72,66.67,20170601010210,"[11, 8, 53]","[0, 0, 0]","[0, 0, 1]","[1.0, 1.38, 6.62]",126893,2017-06-12 10:52:20,01.782133,"[0, 1, 2, 2, 2, 2, 2, 2, 2]","[48, 24]"
73,60.27,20170601010210,"[11, 8, 54]","[0, 0, 2]","[0, 0, 2]","[1.0, 1.38, 6.75]",126893,2017-06-12 10:52:21,01.816154,"[0, 1, 2, 2, 2, 2, 2, 2, 2]","[44, 29]"
74,52.7,20170601010210,"[11, 8, 55]","[0, 0, 2]","[0, 0, 3]","[1.0, 1.38, 6.88]",126893,2017-06-12 10:52:22,01.840155,"[0, 1, 2, 2, 2, 2, 2, 2, 2]","[39, 35]"
75,65.33,20170601010210,"[11, 8, 56]","[0, 0, 4]","[0, 0, 4]","[1.0, 1.38, 7.0]",126893,2017-06-12 10:52:23,01.875697,"[0, 1, 2, 2, 2, 2, 2, 2, 2]","[49, 26]"
76,52.63,20170601010210,"[11, 8, 57]","[0, 0, 4]","[0, 0, 5]","[1.0, 1.38, 7.12]",126893,2017-06-12 10:52:25,01.897945,"[0, 1, 2, 2, 2, 2, 2, 2, 2]","[40, 36]"
77,62.34,20170601010210,"[11, 8, 58]","[0, 0, 0]","[0, 0, 0]","[1.0, 1.38, 7.25]",126893,2017-06-12 10:52:26,01.927926,"[0, 1, 2, 2, 2, 2, 2, 2, 2]","[48, 29]"
78,60.26,20170601010210,"[11, 9, 58]","[0, 0, 0]","[0, 1, 0]","[1.0, 1.22, 6.44]",126892,2017-06-12 10:52:27,01.961985,"[0, 1, 2, 2, 2, 2, 2, 2]","[47, 31]"
79,51.9,20170601010210,"[11, 10, 58]","[0, 0, 0]","[0, 0, 0]","[1.0, 1.1, 5.8]",126891,2017-06-12 10:52:29,01.990988,"[0, 1, 2, 2, 2, 2, 2, 2]","[41, 38]"
80,58.75,20170601010210,"[12, 10, 58]","[0, 0, 0]","[0, 0, 0]","[1.0, 1.2, 5.8]",126892,2017-06-12 10:52:30,02.014987,"[0, 1, 2, 2, 2, 2, 2, 2]","[47, 33]"
81,60.49,20170601010210,"[12, 10, 59]","[0, 0, 0]","[0, 0, 1]","[1.0, 1.2, 5.9]",126892,2017-06-12 10:52:31,02.043010,"[0, 1, 2, 2, 2, 2, 2, 2]","[49, 32]"
82,58.54,20170601010210,"[12, 10, 60]","[0, 0, 2]","[0, 0, 2]","[1.0, 1.2, 6.0]",126892,2017-06-12 10:52:33,02.064135,"[0, 1, 2, 2, 2, 2, 2, 2]","[48, 34]"
83,48.19,20170601010210,"[12, 10, 61]","[0, 0, 2]","[0, 0, 3]","[1.0, 1.2, 6.1]",126892,2017-06-12 10:52:34,02.085300,"[0, 1, 2, 2, 2, 2, 2, 2]","[40, 43]"
84,64.29,20170601010210,"[12, 10, 62]","[0, 0, 4]","[0, 0, 4]","[1.0, 1.2, 6.2]",126892,2017-06-12 10:52:35,02.117301,"[0, 1, 2, 2, 2, 2, 2, 2]","[54, 30]"
85,63.53,20170601010210,"[12, 10, 63]","[0, 0, 4]","[0, 0, 5]","[1.0, 1.2, 6.3]",126892,2017-06-12 10:52:37,02.156303,"[0, 1, 2, 2, 2, 2, 2, 2]","[54, 31]"
86,69.77,20170601010210,"[12, 10, 64]","[0, 0, 6]","[0, 0, 6]","[1.0, 1.2, 6.4]",126892,2017-06-12 10:52:38,02.177944,"[0, 1, 2, 2, 2, 2, 2, 2]","[60, 26]"
87,66.67,20170601010210,"[12, 10, 65]","[0, 0, 6]","[0, 0, 7]","[1.0, 1.2, 6.5]",126892,2017-06-12 10:52:39,02.202944,"[0, 1, 2, 2, 2, 2, 2, 2]","[58, 29]"
88,55.68,20170601010210,"[12, 10, 66]","[0, 0, 8]","[0, 0, 8]","[1.0, 1.2, 6.6]",126892,2017-06-12 10:52:40,02.227100,"[0, 1, 2, 2, 2, 2, 2, 2, 2]","[49, 39]"
89,62.92,20170601010210,"[12, 10, 67]","[0, 0, 8]","[0, 0, 0]","[1.0, 1.2, 6.7]",126892,2017-06-12 10:52:42,02.258376,"[0, 1, 2, 2, 2, 2, 2, 2, 2]","[56, 33]"
90,56.67,20170601010210,"[12, 11, 67]","[0, 0, 8]","[0, 0, 0]","[1.0, 1.09, 6.09]",126891,2017-06-12 10:52:43,02.283129,"[0, 1, 2, 2, 2, 2, 2, 2]","[51, 39]"
91,63.74,20170601010210,"[12, 11, 68]","[0, 0, 8]","[0, 0, 1]","[1.0, 1.09, 6.18]",126891,2017-06-12 10:52:44,02.305021,"[0, 1, 2, 2, 2, 2, 2, 2]","[58, 33]"
92,63.04,20170601010210,"[12, 11, 69]","[0, 0, 8]","[0, 0, 2]","[1.0, 1.09, 6.27]",126891,2017-06-12 10:52:46,02.327798,"[0, 1, 2, 2, 2, 2, 2, 2]","[58, 34]"
93,50.54,20170601010210,"[12, 11, 70]","[0, 0, 8]","[0, 0, 0]","[1.0, 1.09, 6.36]",126891,2017-06-12 10:52:47,02.359173,"[0, 1, 2, 2, 2, 2, 2, 2]","[47, 46]"
94,58.51,20170601010210,"[13, 11, 70]","[0, 0, 8]","[0, 0, 0]","[1.0, 1.18, 6.36]",126901,2017-06-12 10:52:48,02.384429,"[0, 1, 2, 2, 2, 2, 2, 2]","[55, 39]"
95,62.11,20170601010210,"[13, 12, 70]","[0, 0, 8]","[0, 0, 0]","[1.0, 1.08, 5.83]",126891,2017-06-12 10:52:50,02.409647,"[0, 1, 2, 2, 2, 2, 2, 2]","[59, 36]"
96,59.38,20170601010210,"[13, 12, 71]","[0, 0, 8]","[0, 0, 0]","[1.0, 1.08, 5.92]",126891,2017-06-12 10:52:51,02.436908,"[0, 1, 2, 2, 2, 2, 2, 2]","[57, 39]"
97,61.86,20170601010210,"[14, 12, 71]","[0, 0, 8]","[1, 0, 0]","[1.0, 1.17, 5.92]",126901,2017-06-12 10:52:52,02.461271,"[0, 1, 2, 2, 2, 2, 2, 2]","[60, 37]"
98,52.04,20170601010210,"[15, 12, 71]","[2, 0, 8]","[2, 0, 0]","[1.0, 1.25, 5.92]",126902,2017-06-12 10:52:53,02.481271,"[0, 1, 2, 2, 2, 2, 2, 2]","[51, 47]"
99,56.57,20170601010210,"[16, 12, 71]","[2, 0, 8]","[0, 0, 0]","[1.0, 1.33, 5.92]",126903,2017-06-12 10:52:55,02.515297,"[0, 1, 2, 2, 2, 2, 2, 2]","[56, 43]"
100,61.0,20170601010210,"[16, 12, 72]","[2, 0, 8]","[0, 0, 0]","[1.0, 1.33, 6.0]",126903,2017-06-12 10:52:56,02.547239,"[0, 1, 2, 2, 2, 2, 2, 2]","[61, 39]"
101,59.41,20170601010210,"[16, 13, 72]","[2, 0, 8]","[0, 0, 0]","[1.0, 1.23, 5.54]",126902,2017-06-12 10:52:57,02.562862,"[0, 1, 2, 2, 2, 2, 2, 2]","[60, 41]"
102,57.84,20170601010210,"[17, 13, 72]","[2, 0, 8]","[0, 0, 0]","[1.0, 1.31, 5.54]",126903,2017-06-12 10:52:59,02.594106,"[0, 1, 2, 2, 2, 2, 2, 2]","[59, 43]"
103,49.51,20170601010210,"[17, 13, 73]","[2, 0, 8]","[0, 0, 1]","[1.0, 1.31, 5.62]",126903,2017-06-12 10:53:00,02.622425,"[0, 1, 2, 2, 2, 2, 2, 2]","[51, 52]"
104,59.62,20170601010210,"[17, 13, 74]","[2, 0, 8]","[0, 0, 2]","[1.0, 1.31, 5.69]",126903,2017-06-12 10:53:01,02.646620,"[0, 1, 2, 2, 2, 2, 2, 2]","[62, 42]"
105,60.0,20170601010210,"[17, 13, 75]","[2, 0, 8]","[0, 0, 3]","[1.0, 1.31, 5.77]",126903,2017-06-12 10:53:03,02.662246,"[0, 1, 2, 2, 2, 2, 2, 2]","[63, 42]"
106,60.38,20170601010210,"[17, 13, 76]","[2, 0, 8]","[0, 0, 4]","[1.0, 1.31, 5.85]",126903,2017-06-12 10:53:04,02.677867,"[0, 1, 2, 2, 2, 2, 2, 2]","[64, 42]"
107,52.34,20170601010210,"[17, 13, 77]","[2, 0, 8]","[0, 0, 5]","[1.0, 1.31, 5.92]",126903,2017-06-12 10:53:05,02.709117,"[0, 1, 2, 2, 2, 2, 2, 2]","[56, 51]"
108,52.78,20170601010210,"[17, 13, 78]","[2, 0, 8]","[0, 0, 0]","[1.0, 1.31, 6.0]",126903,2017-06-12 10:53:07,02.740394,"[0, 1, 2, 2, 2, 2, 2, 2]","[57, 51]"
109,57.8,20170601010210,"[17, 14, 78]","[2, 0, 8]","[0, 0, 0]","[1.0, 1.21, 5.57]",126902,2017-06-12 10:53:08,02.768918,"[0, 1, 2, 2, 2, 2, 2, 2]","[63, 46]"
110,60.91,20170601010210,"[17, 14, 79]","[2, 0, 8]","[0, 0, 1]","[1.0, 1.21, 5.64]",126902,2017-06-12 10:53:09,02.798922,"[0, 1, 2, 2, 2, 2, 2, 2]","[67, 43]"
111,55.86,20170601010210,"[17, 14, 80]","[2, 0, 8]","[0, 0, 2]","[1.0, 1.21, 5.71]",126902,2017-06-12 10:53:11,02.824919,"[0, 1, 2, 2, 2, 2, 2, 2]","[62, 49]"
112,55.36,20170601010210,"[17, 14, 81]","[2, 0, 8]","[0, 0, 3]","[1.0, 1.21, 5.79]",126902,2017-06-12 10:53:12,02.856432,"[0, 1, 2, 2, 2, 2, 2, 2]","[62, 50]"
113,57.52,20170601010210,"[17, 14, 82]","[2, 0, 8]","[0, 0, 0]","[1.0, 1.21, 5.86]",126902,2017-06-12 10:53:13,02.881913,"[0, 1, 2, 2, 2, 2, 2, 2]","[65, 48]"
114,53.51,20170601010210,"[18, 14, 82]","[2, 0, 8]","[0, 0, 0]","[1.0, 1.29, 5.86]",126903,2017-06-12 10:53:15,02.911917,"[0, 1, 2, 2, 2, 2, 2, 2]","[61, 53]"
115,59.13,20170601010210,"[18, 14, 83]","[2, 0, 8]","[0, 0, 1]","[1.0, 1.29, 5.93]",126903,2017-06-12 10:53:16,02.934918,"[0, 1, 2, 2, 2, 2, 2, 2]","[68, 47]"
116,57.76,20170601010210,"[18, 14, 84]","[2, 0, 8]","[0, 0, 2]","[1.0, 1.29, 6.0]",126903,2017-06-12 10:53:17,02.958329,"[0, 1, 2, 2, 2, 2, 2, 2]","[67, 49]"
117,56.41,20170601010210,"[18, 14, 85]","[2, 0, 8]","[0, 0, 3]","[1.0, 1.29, 6.07]",126903,2017-06-12 10:53:19,02.988118,"[0, 1, 2, 2, 2, 2, 2, 2]","[66, 51]"
118,56.78,20170601010210,"[18, 14, 86]","[2, 0, 8]","[0, 0, 4]","[1.0, 1.29, 6.14]",126903,2017-06-12 10:53:20,03.009331,"[0, 1, 2, 2, 2, 2, 2, 2]","[67, 51]"
119,65.55,20170601010210,"[18, 14, 87]","[2, 0, 8]","[0, 0, 5]","[1.0, 1.29, 6.21]",126903,2017-06-12 10:53:21,03.038336,"[0, 1, 2, 2, 2, 2, 2, 2]","[78, 41]"
120,58.33,20170601010210,"[18, 14, 88]","[2, 0, 8]","[0, 0, 6]","[1.0, 1.29, 6.29]",126903,2017-06-12 10:53:23,03.068949,"[0, 1, 2, 2, 2, 2, 2, 2]","[70, 50]"
121,53.72,20170601010210,"[18, 14, 89]","[2, 0, 8]","[0, 0, 7]","[1.0, 1.29, 6.36]",126903,2017-06-12 10:53:24,03.090933,"[0, 1, 2, 2, 2, 2, 2, 2]","[65, 56]"
122,60.66,20170601010210,"[18, 14, 90]","[2, 0, 8]","[0, 0, 8]","[1.0, 1.29, 6.43]",126903,2017-06-12 10:53:25,03.121737,"[0, 1, 2, 2, 2, 2, 2, 2]","[74, 48]"
123,55.28,20170601010210,"[18, 14, 91]","[2, 0, 8]","[0, 0, 9]","[1.0, 1.29, 6.5]",126903,2017-06-12 10:53:26,03.145043,"[0, 1, 2, 2, 2, 2, 2, 2]","[68, 55]"
124,58.06,20170601010210,"[18, 14, 92]","[2, 0, 10]","[0, 0, 10]","[1.0, 1.29, 6.57]",126903,2017-06-12 10:53:28,03.171069,"[0, 1, 2, 2, 2, 2, 2, 2, 2]","[72, 52]"
125,59.2,20170601010210,"[18, 14, 93]","[2, 0, 10]","[0, 0, 0]","[1.0, 1.29, 6.64]",126903,2017-06-12 10:53:29,03.191991,"[0, 1, 2, 2, 2, 2, 2, 2, 2]","[74, 51]"
126,63.49,20170601010210,"[19, 14, 93]","[2, 0, 10]","[0, 0, 0]","[1.0, 1.36, 6.64]",126923,2017-06-12 10:53:30,03.213986,"[0, 1, 2, 2, 2, 2, 2, 2, 2]","[80, 46]"
127,66.93,20170601010210,"[19, 14, 94]","[2, 0, 10]","[0, 0, 1]","[1.0, 1.36, 6.71]",126923,2017-06-12 10:53:32,03.246007,"[0, 1, 2, 2, 2, 2, 2, 2, 2]","[85, 42]"
128,50.78,20170601010210,"[19, 14, 95]","[2, 0, 10]","[0, 0, 2]","[1.0, 1.36, 6.79]",126923,2017-06-12 10:53:33,03.268011,"[0, 1, 2, 2, 2, 2, 2, 2, 2]","[65, 63]"
129,55.04,20170601010210,"[19, 14, 96]","[2, 0, 10]","[0, 0, 3]","[1.0, 1.36, 6.86]",126923,2017-06-12 10:53:34,03.289993,"[0, 1, 2, 2, 2, 2, 2, 2, 2]","[71, 58]"
130,58.46,20170601010210,"[19, 14, 97]","[2, 0, 10]","[0, 0, 4]","[1.0, 1.36, 6.93]",126923,2017-06-12 10:53:35,03.312993,"[0, 1, 2, 2, 2, 2, 2, 2, 2]","[76, 54]"
131,61.83,20170601010210,"[19, 14, 98]","[2, 0, 10]","[0, 0, 0]","[1.0, 1.36, 7.0]",126923,2017-06-12 10:53:37,03.333015,"[0, 1, 2, 2, 2, 2, 2, 2, 2]","[81, 50]"
132,62.12,20170601010210,"[19, 15, 98]","[2, 0, 10]","[0, 0, 0]","[1.0, 1.27, 6.53]",126921,2017-06-12 10:53:38,03.353702,"[0, 1, 2, 2, 2, 2, 2, 2, 2]","[82, 50]"
133,61.65,20170601010210,"[19, 15, 99]","[2, 0, 10]","[0, 0, 0]","[1.0, 1.27, 6.6]",126921,2017-06-12 10:53:39,03.373681,"[0, 1, 2, 2, 2, 2, 2, 2, 2]","[82, 51]"
134,60.45,20170601010210,"[20, 15, 99]","[2, 0, 10]","[0, 0, 0]","[1.0, 1.33, 6.6]",126922,2017-06-12 10:53:41,03.401685,"[0, 1, 2, 2, 2, 2, 2, 2, 2]","[81, 53]"
135,52.59,20170601010210,"[20, 15, 100]","[2, 0, 10]","[0, 0, 0]","[1.0, 1.33, 6.67]",126922,2017-06-12 10:53:42,03.422464,"[0, 1, 2, 2, 2, 2, 2, 2, 2]","[71, 64]"
136,67.65,20170601010210,"[20, 16, 100]","[2, 0, 10]","[0, 0, 0]","[1.0, 1.25, 6.25]",126913,2017-06-12 10:53:43,03.443443,"[0, 1, 2, 2, 2, 2, 2, 2]","[92, 44]"
137,64.23,20170601010210,"[21, 16, 100]","[2, 0, 10]","[0, 0, 0]","[1.0, 1.31, 6.25]",126922,2017-06-12 10:53:45,03.477062,"[0, 1, 2, 2, 2, 2, 2, 2]","[88, 49]"
138,62.32,20170601010210,"[21, 17, 100]","[2, 0, 10]","[0, 0, 0]","[1.0, 1.24, 5.88]",126913,2017-06-12 10:53:46,03.501058,"[0, 1, 2, 2, 2, 2, 2, 2]","[86, 52]"
139,60.43,20170601010210,"[21, 17, 101]","[2, 0, 10]","[0, 0, 1]","[1.0, 1.24, 5.94]",126913,2017-06-12 10:53:47,03.520515,"[0, 1, 2, 2, 2, 2, 2, 2]","[84, 55]"
140,50.71,20170601010210,"[21, 17, 102]","[2, 0, 10]","[0, 0, 2]","[1.0, 1.24, 6.0]",126913,2017-06-12 10:53:49,03.542915,"[0, 1, 2, 2, 2, 2, 2, 2]","[71, 69]"
141,54.61,20170601010210,"[21, 17, 103]","[2, 0, 10]","[0, 0, 3]","[1.0, 1.24, 6.06]",126913,2017-06-12 10:53:50,03.567499,"[0, 1, 2, 2, 2, 2, 2, 2]","[77, 64]"
142,58.45,20170601010210,"[21, 17, 104]","[2, 0, 10]","[0, 0, 4]","[1.0, 1.24, 6.12]",126913,2017-06-12 10:53:51,03.590028,"[0, 1, 2, 2, 2, 2, 2, 2]","[83, 59]"
143,60.14,20170601010210,"[21, 17, 105]","[2, 0, 10]","[0, 0, 5]","[1.0, 1.24, 6.18]",126913,2017-06-12 10:53:52,03.622009,"[0, 1, 2, 2, 2, 2, 2, 2]","[86, 57]"
144,60.42,20170601010210,"[21, 17, 106]","[2, 0, 10]","[0, 0, 6]","[1.0, 1.24, 6.24]",126913,2017-06-12 10:53:54,03.648209,"[0, 1, 2, 2, 2, 2, 2, 2]","[87, 57]"
145,53.79,20170601010210,"[21, 17, 107]","[2, 0, 10]","[0, 0, 7]","[1.0, 1.24, 6.29]",126913,2017-06-12 10:53:55,03.672406,"[0, 1, 2, 2, 2, 2, 2, 2]","[78, 67]"
146,55.48,20170601010210,"[21, 17, 108]","[2, 0, 10]","[0, 0, 8]","[1.0, 1.24, 6.35]",126913,2017-06-12 10:53:56,03.701404,"[0, 1, 2, 2, 2, 2, 2, 2]","[81, 65]"
147,58.5,20170601010210,"[21, 17, 109]","[2, 0, 10]","[0, 0, 9]","[1.0, 1.24, 6.41]",126913,2017-06-12 10:53:58,03.725176,"[0, 1, 2, 2, 2, 2, 2, 2]","[86, 61]"
148,55.41,20170601010210,"[21, 17, 110]","[2, 0, 10]","[0, 0, 10]","[1.0, 1.24, 6.47]",126913,2017-06-12 10:53:59,03.755411,"[0, 1, 2, 2, 2, 2, 2, 2]","[82, 66]"
149,65.77,20170601010210,"[21, 17, 111]","[2, 0, 10]","[0, 0, 11]","[1.0, 1.24, 6.53]",126913,2017-06-12 10:54:00,03.778413,"[0, 1, 2, 2, 2, 2, 2, 2, 2]","[98, 51]"
150,66.67,20170601010210,"[21, 17, 112]","[2, 0, 12]","[0, 0, 12]","[1.0, 1.24, 6.59]",126913,2017-06-12 10:54:02,03.799435,"[0, 1, 2, 2, 2, 2, 2, 2, 2]","[100, 50]"
151,64.24,20170601010210,"[21, 17, 113]","[2, 0, 12]","[0, 0, 13]","[1.0, 1.24, 6.65]",126913,2017-06-12 10:54:03,03.831571,"[0, 1, 2, 2, 2, 2, 2, 2, 2]","[97, 54]"
152,59.21,20170601010210,"[21, 17, 114]","[2, 0, 14]","[0, 0, 14]","[1.0, 1.24, 6.71]",126913,2017-06-12 10:54:04,03.855742,"[0, 1, 2, 2, 2, 2, 2, 2, 2]","[90, 62]"
153,64.71,20170601010210,"[21, 17, 115]","[2, 0, 14]","[0, 0, 15]","[1.0, 1.24, 6.76]",126913,2017-06-12 10:54:06,03.874742,"[0, 1, 2, 2, 2, 2, 2, 2, 2]","[99, 54]"
154,59.09,20170601010210,"[21, 17, 116]","[2, 0, 16]","[0, 0, 16]","[1.0, 1.24, 6.82]",126913,2017-06-12 10:54:07,03.900938,"[0, 1, 2, 2, 2, 2, 2, 2, 2]","[91, 63]"
155,61.29,20170601010210,"[21, 17, 117]","[2, 0, 16]","[0, 0, 17]","[1.0, 1.24, 6.88]",126913,2017-06-12 10:54:08,03.921705,"[0, 1, 2, 2, 2, 2, 2, 2, 2]","[95, 60]"
156,61.54,20170601010210,"[21, 17, 118]","[2, 0, 18]","[0, 0, 18]","[1.0, 1.24, 6.94]",126913,2017-06-12 10:54:09,03.943690,"[0, 1, 2, 2, 2, 2, 2, 2, 2]","[96, 60]"
157,64.33,20170601010210,"[21, 17, 119]","[2, 0, 18]","[0, 0, 19]","[1.0, 1.24, 7.0]",126913,2017-06-12 10:54:11,03.964357,"[0, 1, 2, 2, 2, 2, 2, 2, 2]","[101, 56]"
158,60.76,20170601010210,"[21, 17, 120]","[2, 0, 20]","[0, 0, 20]","[1.0, 1.24, 7.06]",126913,2017-06-12 10:54:12,03.985549,"[0, 1, 2, 2, 2, 2, 2, 2, 2]","[96, 62]"
159,59.12,20170601010210,"[21, 17, 121]","[2, 0, 20]","[0, 0, 21]","[1.0, 1.24, 7.12]",126913,2017-06-12 10:54:13,04.016729,"[0, 1, 2, 2, 2, 2, 2, 2, 2]","[94, 65]"
160,61.88,20170601010210,"[21, 17, 122]","[2, 0, 22]","[0, 0, 22]","[1.0, 1.24, 7.18]",126913,2017-06-12 10:54:15,04.036859,"[0, 1, 2, 2, 2, 2, 2, 2, 2]","[99, 61]"
161,65.22,20170601010210,"[21, 17, 123]","[2, 0, 22]","[0, 0, 23]","[1.0, 1.24, 7.24]",126913,2017-06-12 10:54:16,04.065105,"[0, 1, 2, 2, 2, 2, 2, 2, 2]","[105, 56]"
162,58.02,20170601010210,"[21, 17, 124]","[2, 0, 24]","[0, 0, 24]","[1.0, 1.24, 7.29]",126913,2017-06-12 10:54:17,04.086121,"[0, 1, 2, 2, 2, 2, 2, 2, 2]","[94, 68]"
163,61.96,20170601010210,"[21, 17, 125]","[2, 0, 24]","[0, 0, 0]","[1.0, 1.24, 7.35]",126913,2017-06-12 10:54:19,04.111138,"[0, 1, 2, 2, 2, 2, 2, 2, 2]","[101, 62]"
164,60.98,20170601010210,"[21, 18, 125]","[2, 0, 24]","[0, 0, 0]","[1.0, 1.17, 6.94]",126912,2017-06-12 10:54:20,04.133155,"[0, 1, 2, 2, 2, 2, 2, 2, 2]","[100, 64]"
165,65.45,20170601010210,"[22, 18, 125]","[2, 0, 24]","[0, 0, 0]","[1.0, 1.22, 6.94]",126914,2017-06-12 10:54:21,04.159138,"[0, 1, 2, 2, 2, 2, 2, 2, 2]","[108, 57]"
166,56.02,20170601010210,"[22, 19, 125]","[2, 0, 24]","[0, 0, 0]","[1.0, 1.16, 6.58]",126912,2017-06-12 10:54:22,04.187057,"[0, 1, 2, 2, 2, 2, 2, 2, 2]","[93, 73]"
167,58.68,20170601010210,"[22, 19, 126]","[2, 0, 24]","[0, 0, 1]","[1.0, 1.16, 6.63]",126912,2017-06-12 10:54:24,04.210217,"[0, 1, 2, 2, 2, 2, 2, 2, 2]","[98, 69]"
168,60.71,20170601010210,"[22, 19, 127]","[2, 0, 24]","[0, 0, 2]","[1.0, 1.16, 6.68]",126912,2017-06-12 10:54:25,04.232217,"[0, 1, 2, 2, 2, 2, 2, 2, 2]","[102, 66]"
169,62.72,20170601010210,"[22, 19, 128]","[2, 0, 24]","[0, 0, 0]","[1.0, 1.16, 6.74]",126912,2017-06-12 10:54:26,04.255393,"[0, 1, 2, 2, 2, 2, 2, 2, 2]","[106, 63]"
170,60.59,20170601010210,"[23, 19, 128]","[2, 0, 24]","[0, 0, 0]","[1.0, 1.21, 6.74]",126914,2017-06-12 10:54:28,04.287394,"[0, 1, 2, 2, 2, 2, 2, 2, 2]","[103, 67]"
171,59.65,20170601010210,"[23, 20, 128]","[2, 0, 24]","[0, 0, 0]","[1.0, 1.15, 6.4]",126913,2017-06-12 10:54:29,04.309536,"[0, 1, 2, 2, 2, 2, 2, 2]","[102, 69]"
172,58.14,20170601010210,"[23, 20, 129]","[2, 0, 24]","[0, 0, 1]","[1.0, 1.15, 6.45]",126913,2017-06-12 10:54:30,04.332536,"[0, 1, 2, 2, 2, 2, 2, 2]","[100, 72]"
173,61.27,20170601010210,"[23, 20, 130]","[2, 0, 24]","[0, 0, 2]","[1.0, 1.15, 6.5]",126913,2017-06-12 10:54:31,04.365313,"[0, 1, 2, 2, 2, 2, 2, 2]","[106, 67]"
174,61.49,20170601010210,"[23, 20, 131]","[2, 0, 24]","[0, 0, 0]","[1.0, 1.15, 6.55]",126913,2017-06-12 10:54:33,04.387297,"[0, 1, 2, 2, 2, 2, 2, 2, 2]","[107, 67]"
175,63.43,20170601010210,"[24, 20, 131]","[2, 0, 24]","[0, 0, 0]","[1.0, 1.2, 6.55]",126914,2017-06-12 10:54:34,04.418299,"[0, 1, 2, 2, 2, 2, 2, 2, 2]","[111, 64]"
176,60.23,20170601010210,"[24, 21, 131]","[2, 0, 24]","[0, 1, 0]","[1.0, 1.14, 6.24]",126913,2017-06-12 10:54:35,04.442601,"[0, 1, 2, 2, 2, 2, 2, 2]","[106, 70]"
177,60.45,20170601010210,"[24, 22, 131]","[2, 0, 24]","[0, 0, 0]","[1.0, 1.09, 5.95]",126912,2017-06-12 10:54:37,04.500118,"[0, 1, 2, 2, 2, 2, 2, 2]","[107, 70]"
178,56.74,20170601010210,"[24, 22, 132]","[2, 0, 24]","[0, 0, 1]","[1.0, 1.09, 6.0]",126912,2017-06-12 10:54:38,04.554553,"[0, 1, 2, 2, 2, 2, 2, 2]","[101, 77]"
179,58.66,20170601010210,"[24, 22, 133]","[2, 0, 24]","[0, 0, 2]","[1.0, 1.09, 6.05]",126912,2017-06-12 10:54:39,04.613931,"[0, 1, 2, 2, 2, 2, 2, 2]","[105, 74]"
180,58.33,20170601010210,"[24, 22, 134]","[2, 0, 24]","[0, 0, 3]","[1.0, 1.09, 6.09]",126912,2017-06-12 10:54:40,04.639966,"[0, 1, 2, 2, 2, 2, 2, 2]","[105, 75]"
181,55.25,20170601010210,"[24, 22, 135]","[2, 0, 24]","[0, 0, 0]","[1.0, 1.09, 6.14]",126912,2017-06-12 10:54:42,04.660964,"[0, 1, 2, 2, 2, 2, 2, 2]","[100, 81]"
182,60.44,20170601010210,"[25, 22, 135]","[2, 0, 24]","[0, 0, 0]","[1.0, 1.14, 6.14]",126923,2017-06-12 10:54:43,04.685966,"[0, 1, 2, 2, 2, 2, 2, 2]","[110, 72]"
183,61.75,20170601010210,"[25, 23, 135]","[2, 0, 24]","[0, 0, 0]","[1.0, 1.09, 5.87]",126912,2017-06-12 10:54:44,04.712632,"[0, 1, 2, 2, 2, 2, 2, 2]","[113, 70]"
184,57.07,20170601010210,"[26, 23, 135]","[2, 0, 24]","[0, 0, 0]","[1.0, 1.13, 5.87]",126921,2017-06-12 10:54:46,04.741852,"[0, 1, 2, 2, 2, 2, 2, 2]","[105, 79]"
185,62.16,20170601010210,"[26, 23, 136]","[2, 0, 24]","[0, 0, 0]","[1.0, 1.13, 5.91]",126921,2017-06-12 10:54:47,04.764157,"[0, 1, 2, 2, 2, 2, 2, 2]","[115, 70]"
186,66.13,20170601010210,"[27, 23, 136]","[2, 0, 24]","[0, 0, 0]","[1.0, 1.17, 5.91]",126923,2017-06-12 10:54:48,04.796988,"[0, 1, 2, 2, 2, 2, 2, 2]","[123, 63]"
187,56.68,20170601010210,"[27, 23, 137]","[2, 0, 24]","[0, 0, 1]","[1.0, 1.17, 5.96]",126923,2017-06-12 10:54:49,04.818983,"[0, 1, 2, 2, 2, 2, 2, 2]","[106, 81]"
188,57.98,20170601010210,"[27, 23, 138]","[2, 0, 24]","[0, 0, 0]","[1.0, 1.17, 6.0]",126923,2017-06-12 10:54:50,04.838496,"[0, 1, 2, 2, 2, 2, 2, 2]","[109, 79]"
189,58.73,20170601010210,"[27, 24, 138]","[2, 0, 24]","[0, 0, 0]","[1.0, 1.12, 5.75]",126913,2017-06-12 10:54:50,04.861474,"[0, 1, 2, 2, 2, 2, 2, 2]","[111, 78]"
190,54.21,20170601010210,"[28, 24, 138]","[2, 0, 24]","[0, 0, 0]","[1.0, 1.17, 5.75]",126923,2017-06-12 10:54:51,04.887414,"[0, 1, 2, 2, 2, 2, 2, 2]","[103, 87]"
191,53.4,20170601010210,"[28, 25, 138]","[2, 0, 24]","[0, 0, 0]","[1.0, 1.12, 5.52]",126913,2017-06-12 10:54:52,04.909398,"[0, 1, 2, 2, 2, 2, 2, 2]","[102, 89]"
192,58.85,20170601010210,"[28, 25, 139]","[2, 0, 24]","[0, 0, 1]","[1.0, 1.12, 5.56]",126913,2017-06-12 10:54:53,04.940403,"[0, 1, 2, 2, 2, 2, 2, 2]","[113, 79]"
193,56.48,20170601010210,"[28, 25, 140]","[2, 0, 24]","[0, 0, 0]","[1.0, 1.12, 5.6]",126913,2017-06-12 10:54:54,04.962402,"[0, 1, 2, 2, 2, 2, 2, 2]","[109, 84]"
194,58.25,20170601010210,"[29, 25, 140]","[2, 0, 24]","[0, 0, 0]","[1.0, 1.16, 5.6]",126921,2017-06-12 10:54:54,04.985097,"[0, 1, 2, 2, 2, 2, 2, 2]","[113, 81]"
195,61.03,20170601010210,"[29, 26, 140]","[2, 0, 24]","[0, 0, 0]","[1.0, 1.12, 5.38]",126913,2017-06-12 10:54:55,05.007251,"[0, 1, 2, 2, 2, 2, 2]","[119, 76]"
196,51.53,20170601010210,"[29, 26, 141]","[2, 0, 24]","[0, 0, 1]","[1.0, 1.12, 5.42]",126913,2017-06-12 10:54:56,05.030252,"[0, 1, 2, 2, 2, 2, 2]","[101, 95]"
197,53.3,20170601010210,"[29, 26, 142]","[2, 0, 24]","[0, 0, 0]","[1.0, 1.12, 5.46]",126913,2017-06-12 10:54:57,05.051371,"[0, 1, 2, 2, 2, 2, 2]","[105, 92]"
198,57.58,20170601010210,"[30, 26, 142]","[2, 0, 24]","[0, 0, 0]","[1.0, 1.15, 5.46]",126921,2017-06-12 10:54:58,05.073107,"[0, 1, 2, 2, 2, 2, 2]","[114, 84]"
199,54.77,20170601010210,"[30, 27, 142]","[2, 0, 24]","[0, 0, 0]","[1.0, 1.11, 5.26]",126912,2017-06-12 10:54:58,05.104196,"[0, 1, 2, 2, 2, 2, 2]","[109, 90]"
200,53.5,20170601010210,"[31, 27, 142]","[2, 0, 24]","[0, 0, 0]","[1.0, 1.15, 5.26]",126913,2017-06-12 10:54:59,05.129947,"[0, 1, 2, 2, 2, 2, 2]","[107, 93]"
201,51.74,20170601010210,"[31, 27, 143]","[2, 0, 24]","[0, 0, 1]","[1.0, 1.15, 5.3]",126913,2017-06-12 10:55:00,05.152926,"[0, 1, 2, 2, 2, 2, 2]","[104, 97]"
202,54.95,20170601010210,"[31, 27, 144]","[2, 0, 24]","[0, 0, 2]","[1.0, 1.15, 5.33]",126913,2017-06-12 10:55:01,05.174928,"[0, 1, 2, 2, 2, 2, 2]","[111, 91]"
203,55.67,20170601010210,"[31, 27, 145]","[2, 0, 24]","[0, 0, 3]","[1.0, 1.15, 5.37]",126913,2017-06-12 10:55:02,05.241923,"[0, 1, 2, 2, 2, 2, 2]","[113, 90]"
204,52.94,20170601010210,"[31, 27, 146]","[2, 0, 24]","[0, 0, 4]","[1.0, 1.15, 5.41]",126913,2017-06-12 10:55:02,05.270989,"[0, 1, 2, 2, 2, 2, 2]","[108, 96]"
205,58.05,20170601010210,"[31, 27, 147]","[2, 0, 24]","[0, 0, 5]","[1.0, 1.15, 5.44]",126913,2017-06-12 10:55:03,05.292966,"[0, 1, 2, 2, 2, 2, 2]","[119, 86]"
206,55.83,20170601010210,"[31, 27, 148]","[2, 0, 24]","[0, 0, 6]","[1.0, 1.15, 5.48]",126913,2017-06-12 10:55:04,05.316005,"[0, 1, 2, 2, 2, 2, 2]","[115, 91]"
207,53.62,20170601010210,"[31, 27, 149]","[2, 0, 24]","[0, 0, 0]","[1.0, 1.15, 5.52]",126913,2017-06-12 10:55:05,05.338214,"[0, 1, 2, 2, 2, 2, 2, 2]","[111, 96]"
208,55.77,20170601010210,"[31, 28, 149]","[2, 0, 24]","[0, 0, 0]","[1.0, 1.11, 5.32]",126912,2017-06-12 10:55:06,05.362538,"[0, 1, 2, 2, 2, 2, 2]","[116, 92]"
209,52.15,20170601010210,"[32, 28, 149]","[2, 0, 24]","[0, 0, 0]","[1.0, 1.14, 5.32]",126913,2017-06-12 10:55:07,05.387818,"[0, 1, 2, 2, 2, 2, 2]","[109, 100]"
210,50.48,20170601010210,"[32, 28, 150]","[2, 0, 24]","[0, 0, 1]","[1.0, 1.14, 5.36]",126913,2017-06-12 10:55:07,05.411168,"[0, 1, 2, 2, 2, 2, 2]","[106, 104]"
211,56.87,20170601010210,"[32, 28, 151]","[2, 0, 24]","[0, 0, 2]","[1.0, 1.14, 5.39]",126913,2017-06-12 10:55:08,05.433306,"[0, 1, 2, 2, 2, 2, 2]","[120, 91]"
212,50.0,20170601010210,"[32, 28, 152]","[2, 0, 24]","[0, 0, 3]","[1.0, 1.14, 5.43]",126913,2017-06-12 10:55:09,05.461458,"[0, 1, 2, 2, 2, 2, 2]","[106, 106]"
213,53.52,20170601010210,"[32, 28, 153]","[2, 0, 24]","[0, 0, 4]","[1.0, 1.14, 5.46]",126913,2017-06-12 10:55:10,05.527498,"[0, 1, 2, 2, 2, 2, 2]","[114, 99]"
214,55.61,20170601010210,"[32, 28, 154]","[2, 0, 24]","[0, 0, 0]","[1.0, 1.14, 5.5]",126913,2017-06-12 10:55:11,05.552610,"[0, 1, 2, 2, 2, 2, 2, 2]","[119, 95]"
215,60.93,20170601010210,"[33, 28, 154]","[2, 0, 24]","[0, 0, 0]","[1.0, 1.18, 5.5]",126916,2017-06-12 10:55:12,05.583821,"[0, 1, 2, 2, 2, 2, 2, 2]","[131, 84]"
216,53.24,20170601010210,"[33, 29, 154]","[2, 0, 24]","[0, 0, 0]","[1.0, 1.14, 5.31]",126913,2017-06-12 10:55:14,05.651784,"[0, 1, 2, 2, 2, 2, 2]","[115, 101]"
217,55.3,20170601010210,"[33, 29, 155]","[2, 0, 24]","[0, 0, 0]","[1.0, 1.14, 5.34]",126913,2017-06-12 10:55:15,05.682787,"[0, 1, 2, 2, 2, 2, 2]","[120, 97]"
218,51.83,20170601010210,"[34, 29, 155]","[2, 0, 24]","[0, 0, 0]","[1.0, 1.17, 5.34]",126916,2017-06-12 10:55:16,05.715818,"[0, 1, 2, 2, 2, 2, 2]","[113, 105]"
219,55.71,20170601010210,"[34, 29, 156]","[2, 0, 24]","[0, 0, 1]","[1.0, 1.17, 5.38]",126916,2017-06-12 10:55:17,05.741512,"[0, 1, 2, 2, 2, 2, 2]","[122, 97]"
220,50.45,20170601010210,"[34, 29, 157]","[2, 0, 24]","[0, 0, 2]","[1.0, 1.17, 5.41]",126916,2017-06-12 10:55:17,05.770507,"[0, 1, 2, 2, 2, 2, 2]","[111, 109]"
221,60.63,20170601010210,"[34, 29, 158]","[2, 0, 24]","[0, 0, 3]","[1.0, 1.17, 5.45]",126916,2017-06-12 10:55:18,05.803871,"[0, 1, 2, 2, 2, 2, 2]","[134, 87]"
222,55.86,20170601010210,"[34, 29, 159]","[2, 0, 24]","[0, 0, 4]","[1.0, 1.17, 5.48]",126916,2017-06-12 10:55:19,05.836906,"[0, 1, 2, 2, 2, 2, 2]","[124, 98]"
223,56.05,20170601010210,"[34, 29, 160]","[2, 0, 24]","[0, 0, 5]","[1.0, 1.17, 5.52]",126916,2017-06-12 10:55:20,05.859931,"[0, 1, 2, 2, 2, 2, 2, 2]","[125, 98]"
224,58.48,20170601010210,"[34, 29, 161]","[2, 0, 24]","[0, 0, 6]","[1.0, 1.17, 5.55]",126916,2017-06-12 10:55:21,05.882924,"[0, 1, 2, 2, 2, 2, 2, 2]","[131, 93]"
225,63.11,20170601010210,"[34, 29, 162]","[2, 0, 24]","[0, 0, 7]","[1.0, 1.17, 5.59]",126916,2017-06-12 10:55:21,05.905610,"[0, 1, 2, 2, 2, 2, 2, 2]","[142, 83]"
226,58.41,20170601010210,"[34, 29, 163]","[2, 0, 24]","[0, 0, 8]","[1.0, 1.17, 5.62]",126916,2017-06-12 10:55:22,05.937612,"[0, 1, 2, 2, 2, 2, 2, 2]","[132, 94]"
227,55.07,20170601010210,"[34, 29, 164]","[2, 0, 24]","[0, 0, 0]","[1.0, 1.17, 5.66]",126916,2017-06-12 10:55:23,05.959613,"[0, 1, 2, 2, 2, 2, 2, 2]","[125, 102]"
228,54.82,20170601010210,"[35, 29, 164]","[2, 0, 24]","[0, 0, 0]","[1.0, 1.21, 5.66]",126922,2017-06-12 10:55:24,05.983615,"[0, 1, 2, 2, 2, 2, 2, 2]","[125, 103]"
229,57.64,20170601010210,"[35, 29, 165]","[2, 0, 24]","[0, 0, 1]","[1.0, 1.21, 5.69]",126922,2017-06-12 10:55:25,06.064624,"[0, 1, 2, 2, 2, 2, 2, 2]","[132, 97]"
230,55.65,20170601010210,"[35, 29, 166]","[2, 0, 24]","[0, 0, 2]","[1.0, 1.21, 5.72]",126922,2017-06-12 10:55:26,06.087975,"[0, 1, 2, 2, 2, 2, 2, 2]","[128, 102]"
231,55.41,20170601010210,"[35, 29, 167]","[2, 0, 24]","[0, 0, 3]","[1.0, 1.21, 5.76]",126922,2017-06-12 10:55:26,06.107970,"[0, 1, 2, 2, 2, 2, 2, 2]","[128, 103]"
232,63.36,20170601010210,"[35, 29, 168]","[2, 0, 24]","[0, 0, 4]","[1.0, 1.21, 5.79]",126922,2017-06-12 10:55:27,06.130802,"[0, 1, 2, 2, 2, 2, 2, 2]","[147, 85]"
233,60.09,20170601010210,"[35, 29, 169]","[2, 0, 24]","[0, 0, 5]","[1.0, 1.21, 5.83]",126922,2017-06-12 10:55:28,06.153964,"[0, 1, 2, 2, 2, 2, 2, 2]","[140, 93]"
234,57.26,20170601010210,"[35, 29, 170]","[2, 0, 24]","[0, 0, 6]","[1.0, 1.21, 5.86]",126922,2017-06-12 10:55:29,06.180144,"[0, 1, 2, 2, 2, 2, 2, 2]","[134, 100]"
235,57.87,20170601010210,"[35, 29, 171]","[2, 0, 24]","[0, 0, 7]","[1.0, 1.21, 5.9]",126922,2017-06-12 10:55:30,06.242462,"[0, 1, 2, 2, 2, 2, 2, 2]","[136, 99]"
236,58.05,20170601010210,"[35, 29, 172]","[2, 0, 24]","[0, 0, 8]","[1.0, 1.21, 5.93]",126922,2017-06-12 10:55:30,06.289103,"[0, 1, 2, 2, 2, 2, 2, 2]","[137, 99]"
237,56.96,20170601010210,"[35, 29, 173]","[2, 0, 24]","[0, 0, 0]","[1.0, 1.21, 5.97]",126922,2017-06-12 10:55:31,06.315769,"[0, 1, 2, 2, 2, 2, 2, 2]","[135, 102]"
238,57.56,20170601010210,"[36, 29, 173]","[2, 0, 24]","[0, 0, 0]","[1.0, 1.24, 5.97]",126940,2017-06-12 10:55:32,06.348974,"[0, 1, 2, 2, 2, 2, 2, 2]","[137, 101]"
239,60.25,20170601010210,"[36, 29, 174]","[2, 0, 24]","[0, 0, 1]","[1.0, 1.24, 6.0]",126940,2017-06-12 10:55:33,06.371845,"[0, 1, 2, 2, 2, 2, 2, 2]","[144, 95]"
240,56.67,20170601010210,"[36, 29, 175]","[2, 0, 24]","[0, 0, 2]","[1.0, 1.24, 6.03]",126940,2017-06-12 10:55:34,06.401862,"[0, 1, 2, 2, 2, 2, 2, 2]","[136, 104]"
241,63.49,20170601010210,"[36, 29, 176]","[2, 0, 24]","[0, 0, 3]","[1.0, 1.24, 6.07]",126940,2017-06-12 10:55:34,06.424628,"[0, 1, 2, 2, 2, 2, 2, 2]","[153, 88]"
242,56.61,20170601010210,"[36, 29, 177]","[2, 0, 24]","[0, 0, 4]","[1.0, 1.24, 6.1]",126940,2017-06-12 10:55:35,06.453644,"[0, 1, 2, 2, 2, 2, 2, 2]","[137, 105]"
243,54.73,20170601010210,"[36, 29, 178]","[2, 0, 24]","[0, 0, 5]","[1.0, 1.24, 6.14]",126940,2017-06-12 10:55:36,06.479764,"[0, 1, 2, 2, 2, 2, 2, 2]","[133, 110]"
244,60.25,20170601010210,"[36, 29, 179]","[2, 0, 24]","[0, 0, 6]","[1.0, 1.24, 6.17]",126940,2017-06-12 10:55:37,06.503763,"[0, 1, 2, 2, 2, 2, 2, 2]","[147, 97]"
245,60.41,20170601010210,"[36, 29, 180]","[2, 0, 24]","[0, 0, 0]","[1.0, 1.24, 6.21]",126940,2017-06-12 10:55:38,06.533787,"[0, 1, 2, 2, 2, 2, 2, 2]","[148, 97]"
246,59.76,20170601010210,"[36, 30, 180]","[2, 0, 24]","[0, 0, 0]","[1.0, 1.2, 6.0]",126927,2017-06-12 10:55:39,06.558789,"[0, 1, 2, 2, 2, 2, 2, 2]","[147, 99]"
247,55.47,20170601010210,"[37, 30, 180]","[2, 0, 24]","[0, 0, 0]","[1.0, 1.23, 6.0]",126941,2017-06-12 10:55:39,06.588584,"[0, 1, 2, 2, 2, 2, 2, 2]","[137, 110]"
248,55.65,20170601010210,"[37, 30, 181]","[2, 0, 24]","[0, 0, 0]","[1.0, 1.23, 6.03]",126941,2017-06-12 10:55:40,06.617244,"[0, 1, 2, 2, 2, 2, 2, 2]","[138, 110]"
249,57.43,20170601010210,"[37, 31, 181]","[2, 0, 24]","[0, 0, 0]","[1.0, 1.19, 5.84]",126927,2017-06-12 10:55:41,06.645144,"[0, 1, 2, 2, 2, 2, 2, 2]","[143, 106]"
250,59.6,20170601010210,"[37, 31, 182]","[2, 0, 24]","[0, 0, 1]","[1.0, 1.19, 5.87]",126927,2017-06-12 10:55:42,06.670275,"[0, 1, 2, 2, 2, 2, 2, 2]","[149, 101]"
251,62.95,20170601010210,"[37, 31, 183]","[2, 0, 24]","[0, 0, 2]","[1.0, 1.19, 5.9]",126927,2017-06-12 10:55:43,06.692498,"[0, 1, 2, 2, 2, 2, 2, 2]","[158, 93]"
252,59.92,20170601010210,"[37, 31, 184]","[2, 0, 24]","[0, 0, 3]","[1.0, 1.19, 5.94]",126927,2017-06-12 10:55:43,06.721308,"[0, 1, 2, 2, 2, 2, 2, 2]","[151, 101]"
253,54.94,20170601010210,"[37, 31, 185]","[2, 0, 24]","[0, 0, 4]","[1.0, 1.19, 5.97]",126927,2017-06-12 10:55:44,06.743304,"[0, 1, 2, 2, 2, 2, 2, 2]","[139, 114]"
254,60.24,20170601010210,"[37, 31, 186]","[2, 0, 24]","[0, 0, 5]","[1.0, 1.19, 6.0]",126927,2017-06-12 10:55:45,06.768435,"[0, 1, 2, 2, 2, 2, 2, 2]","[153, 101]"
255,60.78,20170601010210,"[37, 31, 187]","[2, 0, 24]","[0, 0, 6]","[1.0, 1.19, 6.03]",126927,2017-06-12 10:55:45,06.790771,"[0, 1, 2, 2, 2, 2, 2, 2]","[155, 100]"
256,59.38,20170601010210,"[37, 31, 188]","[2, 0, 24]","[0, 0, 7]","[1.0, 1.19, 6.06]",126927,2017-06-12 10:55:46,06.815296,"[0, 1, 2, 2, 2, 2, 2, 2]","[152, 104]"
257,57.59,20170601010210,"[37, 31, 189]","[2, 0, 24]","[0, 0, 0]","[1.0, 1.19, 6.1]",126927,2017-06-12 10:55:47,06.840296,"[0, 1, 2, 2, 2, 2, 2, 2]","[148, 109]"
258,58.14,20170601010210,"[37, 32, 189]","[2, 0, 24]","[0, 0, 0]","[1.0, 1.16, 5.91]",126926,2017-06-12 10:55:48,06.864726,"[0, 1, 2, 2, 2, 2, 2, 2]","[150, 108]"
259,58.3,20170601010210,"[37, 32, 190]","[2, 0, 24]","[0, 0, 1]","[1.0, 1.16, 5.94]",126926,2017-06-12 10:55:49,06.889680,"[0, 1, 2, 2, 2, 2, 2, 2]","[151, 108]"
260,56.54,20170601010210,"[37, 32, 191]","[2, 0, 24]","[0, 0, 2]","[1.0, 1.16, 5.97]",126926,2017-06-12 10:55:50,06.913146,"[0, 1, 2, 2, 2, 2, 2, 2]","[147, 113]"
261,56.32,20170601010210,"[37, 32, 192]","[2, 0, 24]","[0, 0, 3]","[1.0, 1.16, 6.0]",126926,2017-06-12 10:55:50,06.936237,"[0, 1, 2, 2, 2, 2, 2, 2]","[147, 114]"
262,60.69,20170601010210,"[37, 32, 193]","[2, 0, 24]","[0, 0, 4]","[1.0, 1.16, 6.03]",126926,2017-06-12 10:55:51,06.958582,"[0, 1, 2, 2, 2, 2, 2, 2]","[159, 103]"
263,55.13,20170601010210,"[37, 32, 194]","[2, 0, 24]","[0, 0, 5]","[1.0, 1.16, 6.06]",126926,2017-06-12 10:55:52,06.980606,"[0, 1, 2, 2, 2, 2, 2, 2]","[145, 118]"
264,56.44,20170601010210,"[37, 32, 195]","[2, 0, 24]","[0, 0, 6]","[1.0, 1.16, 6.09]",126926,2017-06-12 10:55:53,07.002586,"[0, 1, 2, 2, 2, 2, 2, 2]","[149, 115]"
265,56.98,20170601010210,"[37, 32, 196]","[2, 0, 24]","[0, 0, 0]","[1.0, 1.16, 6.12]",126926,2017-06-12 10:55:53,07.036142,"[0, 1, 2, 2, 2, 2, 2, 2]","[151, 114]"
266,58.27,20170601010210,"[37, 33, 196]","[2, 0, 24]","[0, 0, 0]","[1.0, 1.12, 5.94]",126917,2017-06-12 10:55:54,07.065125,"[0, 1, 2, 2, 2, 2, 2, 2]","[155, 111]"
267,58.8,20170601010210,"[38, 33, 196]","[2, 0, 24]","[0, 0, 0]","[1.0, 1.15, 5.94]",126926,2017-06-12 10:55:55,07.093264,"[0, 1, 2, 2, 2, 2, 2, 2]","[157, 110]"
268,58.96,20170601010210,"[38, 34, 196]","[2, 0, 24]","[0, 0, 0]","[1.0, 1.12, 5.76]",126917,2017-06-12 10:55:56,07.122384,"[0, 1, 2, 2, 2, 2, 2, 2]","[158, 110]"
269,59.11,20170601010210,"[38, 34, 197]","[2, 0, 24]","[0, 0, 1]","[1.0, 1.12, 5.79]",126917,2017-06-12 10:55:56,07.144369,"[0, 1, 2, 2, 2, 2, 2, 2]","[159, 110]"
270,61.85,20170601010210,"[38, 34, 198]","[2, 0, 24]","[0, 0, 2]","[1.0, 1.12, 5.82]",126917,2017-06-12 10:55:57,07.169097,"[0, 1, 2, 2, 2, 2, 2, 2]","[167, 103]"
271,58.3,20170601010210,"[38, 34, 199]","[2, 0, 24]","[0, 0, 3]","[1.0, 1.12, 5.85]",126917,2017-06-12 10:55:58,07.190093,"[0, 1, 2, 2, 2, 2, 2, 2]","[158, 113]"
272,61.03,20170601010210,"[38, 34, 200]","[2, 0, 24]","[0, 0, 4]","[1.0, 1.12, 5.88]",126917,2017-06-12 10:55:59,07.220119,"[0, 1, 2, 2, 2, 2, 2, 2]","[166, 106]"
273,61.9,20170601010210,"[38, 34, 201]","[2, 0, 24]","[0, 0, 5]","[1.0, 1.12, 5.91]",126917,2017-06-12 10:56:00,07.247291,"[0, 1, 2, 2, 2, 2, 2, 2]","[169, 104]"
274,58.03,20170601010210,"[38, 34, 202]","[2, 0, 24]","[0, 0, 6]","[1.0, 1.12, 5.94]",126917,2017-06-12 10:56:01,07.301138,"[0, 1, 2, 2, 2, 2, 2, 2]","[159, 115]"
275,61.09,20170601010210,"[38, 34, 203]","[2, 0, 24]","[0, 0, 7]","[1.0, 1.12, 5.97]",126917,2017-06-12 10:56:02,07.332160,"[0, 1, 2, 2, 2, 2, 2, 2]","[168, 107]"
276,62.68,20170601010210,"[38, 34, 204]","[2, 0, 24]","[0, 0, 8]","[1.0, 1.12, 6.0]",126917,2017-06-12 10:56:03,07.354874,"[0, 1, 2, 2, 2, 2, 2, 2]","[173, 103]"
277,58.48,20170601010210,"[38, 34, 205]","[2, 0, 24]","[0, 0, 9]","[1.0, 1.12, 6.03]",126917,2017-06-12 10:56:04,07.386889,"[0, 1, 2, 2, 2, 2, 2, 2]","[162, 115]"
278,61.51,20170601010210,"[38, 34, 206]","[2, 0, 24]","[0, 0, 0]","[1.0, 1.12, 6.06]",126917,2017-06-12 10:56:04,07.419873,"[0, 1, 2, 2, 2, 2, 2, 2]","[171, 107]"
279,56.27,20170601010210,"[38, 35, 206]","[2, 0, 24]","[0, 0, 0]","[1.0, 1.09, 5.89]",126913,2017-06-12 10:56:05,07.444022,"[0, 1, 2, 2, 2, 2, 2, 2]","[157, 122]"
280,61.43,20170601010210,"[39, 35, 206]","[2, 0, 24]","[0, 0, 0]","[1.0, 1.11, 5.89]",126917,2017-06-12 10:56:06,07.472409,"[0, 1, 2, 2, 2, 2, 2, 2]","[172, 108]"
281,54.09,20170601010210,"[39, 35, 207]","[2, 0, 24]","[0, 0, 0]","[1.0, 1.11, 5.91]",126917,2017-06-12 10:56:07,07.496547,"[0, 1, 2, 2, 2, 2, 2, 2]","[152, 129]"
282,61.7,20170601010210,"[39, 36, 207]","[2, 0, 24]","[0, 0, 0]","[1.0, 1.08, 5.75]",126913,2017-06-12 10:56:08,07.520741,"[0, 1, 2, 2, 2, 2, 2, 2]","[174, 108]"
283,59.72,20170601010210,"[39, 36, 208]","[2, 0, 24]","[0, 0, 0]","[1.0, 1.08, 5.78]",126913,2017-06-12 10:56:09,07.545072,"[0, 1, 2, 2, 2, 2, 2, 2]","[169, 114]"
284,59.51,20170601010210,"[40, 36, 208]","[2, 0, 24]","[0, 0, 0]","[1.0, 1.11, 5.78]",126917,2017-06-12 10:56:09,07.576264,"[0, 1, 2, 2, 2, 2, 2, 2]","[169, 115]"
285,57.89,20170601010210,"[40, 36, 209]","[2, 0, 24]","[0, 0, 0]","[1.0, 1.11, 5.81]",126917,2017-06-12 10:56:10,07.609267,"[0, 1, 2, 2, 2, 2, 2, 2]","[165, 120]"
286,57.34,20170601010210,"[40, 37, 209]","[2, 0, 24]","[0, 0, 0]","[1.0, 1.08, 5.65]",126913,2017-06-12 10:56:11,07.633434,"[0, 1, 2, 2, 2, 2, 2, 2]","[164, 122]"
287,58.89,20170601010210,"[41, 37, 209]","[2, 0, 24]","[0, 0, 0]","[1.0, 1.11, 5.65]",126917,2017-06-12 10:56:12,07.656435,"[0, 1, 2, 2, 2, 2, 2, 2]","[169, 118]"
288,60.07,20170601010210,"[41, 38, 209]","[2, 0, 24]","[0, 0, 0]","[1.0, 1.08, 5.5]",126913,2017-06-12 10:56:13,07.688417,"[0, 1, 2, 2, 2, 2, 2, 2]","[173, 115]"
289,55.71,20170601010210,"[41, 38, 210]","[2, 0, 24]","[0, 0, 1]","[1.0, 1.08, 5.53]",126913,2017-06-12 10:56:13,07.714421,"[0, 1, 2, 2, 2, 2, 2, 2]","[161, 128]"
290,58.62,20170601010210,"[41, 38, 211]","[2, 0, 24]","[0, 0, 2]","[1.0, 1.08, 5.55]",126913,2017-06-12 10:56:14,07.744679,"[0, 1, 2, 2, 2, 2, 2, 2]","[170, 120]"
291,62.2,20170601010210,"[41, 38, 212]","[2, 0, 24]","[0, 0, 3]","[1.0, 1.08, 5.58]",126913,2017-06-12 10:56:16,07.776710,"[0, 1, 2, 2, 2, 2, 2, 2]","[181, 110]"
292,59.25,20170601010210,"[41, 38, 213]","[2, 0, 24]","[0, 0, 4]","[1.0, 1.08, 5.61]",126913,2017-06-12 10:56:16,07.808748,"[0, 1, 2, 2, 2, 2, 2, 2]","[173, 119]"
293,60.75,20170601010210,"[41, 38, 214]","[2, 0, 24]","[0, 0, 5]","[1.0, 1.08, 5.63]",126913,2017-06-12 10:56:17,07.831734,"[0, 1, 2, 2, 2, 2, 2, 2]","[178, 115]"
294,56.8,20170601010210,"[41, 38, 215]","[2, 0, 24]","[0, 0, 6]","[1.0, 1.08, 5.66]",126913,2017-06-12 10:56:18,07.853539,"[0, 1, 2, 2, 2, 2, 2, 2]","[167, 127]"
295,59.32,20170601010210,"[41, 38, 216]","[2, 0, 24]","[0, 0, 7]","[1.0, 1.08, 5.68]",126913,2017-06-12 10:56:19,07.880712,"[0, 1, 2, 2, 2, 2, 2, 2]","[175, 120]"
296,56.42,20170601010210,"[41, 38, 217]","[2, 0, 24]","[0, 0, 0]","[1.0, 1.08, 5.71]",126913,2017-06-12 10:56:20,07.908847,"[0, 1, 2, 2, 2, 2, 2, 2]","[167, 129]"
297,58.92,20170601010210,"[42, 38, 217]","[2, 0, 24]","[0, 0, 0]","[1.0, 1.11, 5.71]",126922,2017-06-12 10:56:22,07.933874,"[0, 1, 2, 2, 2, 2, 2, 2]","[175, 122]"
298,57.72,20170601010210,"[42, 38, 218]","[2, 0, 24]","[0, 0, 1]","[1.0, 1.11, 5.74]",126922,2017-06-12 10:56:23,07.988918,"[0, 1, 2, 2, 2, 2, 2, 2]","[172, 126]"
299,59.53,20170601010210,"[42, 38, 219]","[2, 0, 24]","[0, 0, 2]","[1.0, 1.11, 5.76]",126922,2017-06-12 10:56:24,08.057542,"[0, 1, 2, 2, 2, 2, 2, 2]","[178, 121]"
300,62.33,20170601010210,"[42, 38, 220]","[2, 0, 24]","[0, 0, 3]","[1.0, 1.11, 5.79]",126922,2017-06-12 10:56:25,08.081518,"[0, 1, 2, 2, 2, 2, 2, 2]","[187, 113]"
301,58.14,20170601010210,"[42, 38, 221]","[2, 0, 24]","[0, 0, 4]","[1.0, 1.11, 5.82]",126922,2017-06-12 10:56:26,08.108638,"[0, 1, 2, 2, 2, 2, 2, 2]","[175, 126]"
302,62.91,20170601010210,"[42, 38, 222]","[2, 0, 24]","[0, 0, 0]","[1.0, 1.11, 5.84]",126922,2017-06-12 10:56:26,08.171206,"[0, 1, 2, 2, 2, 2, 2, 2]","[190, 112]"
303,58.75,20170601010210,"[43, 38, 222]","[2, 0, 24]","[0, 0, 0]","[1.0, 1.13, 5.84]",126932,2017-06-12 10:56:27,08.216369,"[0, 1, 2, 2, 2, 2, 2, 2]","[178, 125]"
304,60.86,20170601010210,"[43, 39, 222]","[2, 0, 24]","[0, 0, 0]","[1.0, 1.1, 5.69]",126922,2017-06-12 10:56:28,08.241068,"[0, 1, 2, 2, 2, 2, 2, 2]","[185, 119]"
305,60.33,20170601010210,"[44, 39, 222]","[2, 0, 24]","[0, 0, 0]","[1.0, 1.13, 5.69]",126932,2017-06-12 10:56:29,08.265203,"[0, 1, 2, 2, 2, 2, 2, 2]","[184, 121]"
306,55.56,20170601010210,"[44, 39, 223]","[2, 0, 24]","[0, 0, 1]","[1.0, 1.13, 5.72]",126932,2017-06-12 10:56:29,08.289444,"[0, 1, 2, 2, 2, 2, 2, 2]","[170, 136]"
307,58.96,20170601010210,"[44, 39, 224]","[2, 0, 24]","[0, 0, 2]","[1.0, 1.13, 5.74]",126932,2017-06-12 10:56:30,08.329534,"[0, 1, 2, 2, 2, 2, 2, 2]","[181, 126]"
308,58.77,20170601010210,"[44, 39, 225]","[2, 0, 24]","[0, 0, 3]","[1.0, 1.13, 5.77]",126932,2017-06-12 10:56:31,08.353354,"[0, 1, 2, 2, 2, 2, 2, 2]","[181, 127]"
309,56.31,20170601010210,"[44, 39, 226]","[2, 0, 24]","[0, 0, 4]","[1.0, 1.13, 5.79]",126932,2017-06-12 10:56:32,08.438473,"[0, 1, 2, 2, 2, 2, 2, 2]","[174, 135]"
310,59.68,20170601010210,"[44, 39, 227]","[2, 0, 24]","[0, 0, 5]","[1.0, 1.13, 5.82]",126932,2017-06-12 10:56:33,08.463475,"[0, 1, 2, 2, 2, 2, 2, 2]","[185, 125]"
311,59.81,20170601010210,"[44, 39, 228]","[2, 0, 24]","[0, 0, 6]","[1.0, 1.13, 5.85]",126932,2017-06-12 10:56:34,08.508595,"[0, 1, 2, 2, 2, 2, 2, 2]","[186, 125]"
312,54.17,20170601010210,"[44, 39, 229]","[2, 0, 24]","[0, 0, 7]","[1.0, 1.13, 5.87]",126932,2017-06-12 10:56:35,08.532238,"[0, 1, 2, 2, 2, 2, 2, 2]","[169, 143]"
313,56.23,20170601010210,"[44, 39, 230]","[2, 0, 24]","[0, 0, 8]","[1.0, 1.13, 5.9]",126932,2017-06-12 10:56:35,08.562291,"[0, 1, 2, 2, 2, 2, 2, 2]","[176, 137]"
314,59.55,20170601010210,"[44, 39, 231]","[2, 0, 24]","[0, 0, 9]","[1.0, 1.13, 5.92]",126932,2017-06-12 10:56:36,08.621890,"[0, 1, 2, 2, 2, 2, 2, 2]","[187, 127]"
315,61.27,20170601010210,"[44, 39, 232]","[2, 0, 24]","[0, 0, 10]","[1.0, 1.13, 5.95]",126932,2017-06-12 10:56:38,08.675455,"[0, 1, 2, 2, 2, 2, 2, 2]","[193, 122]"
316,56.65,20170601010210,"[44, 39, 233]","[2, 0, 24]","[0, 0, 11]","[1.0, 1.13, 5.97]",126932,2017-06-12 10:56:39,08.731807,"[0, 1, 2, 2, 2, 2, 2, 2]","[179, 137]"
317,60.57,20170601010210,"[44, 39, 234]","[2, 0, 24]","[0, 0, 12]","[1.0, 1.13, 6.0]",126932,2017-06-12 10:56:40,08.766444,"[0, 1, 2, 2, 2, 2, 2, 2]","[192, 125]"
318,54.09,20170601010210,"[44, 39, 235]","[2, 0, 24]","[0, 0, 13]","[1.0, 1.13, 6.03]",126932,2017-06-12 10:56:41,08.794571,"[0, 1, 2, 2, 2, 2, 2, 2]","[172, 146]"
319,59.25,20170601010210,"[44, 39, 236]","[2, 0, 24]","[0, 0, 14]","[1.0, 1.13, 6.05]",126932,2017-06-12 10:56:42,08.820978,"[0, 1, 2, 2, 2, 2, 2, 2]","[189, 130]"
320,56.25,20170601010210,"[44, 39, 237]","[2, 0, 24]","[0, 0, 0]","[1.0, 1.13, 6.08]",126932,2017-06-12 10:56:42,08.851511,"[0, 1, 2, 2, 2, 2, 2, 2]","[180, 140]"
321,60.12,20170601010210,"[45, 39, 237]","[2, 0, 24]","[0, 0, 0]","[1.0, 1.15, 6.08]",126933,2017-06-12 10:56:43,08.874519,"[0, 1, 2, 2, 2, 2, 2, 2]","[193, 128]"
322,61.49,20170601010210,"[45, 39, 238]","[2, 0, 24]","[0, 0, 1]","[1.0, 1.15, 6.1]",126933,2017-06-12 10:56:44,08.905565,"[0, 1, 2, 2, 2, 2, 2, 2]","[198, 124]"
323,57.59,20170601010210,"[45, 39, 239]","[2, 0, 24]","[0, 0, 2]","[1.0, 1.15, 6.13]",126933,2017-06-12 10:56:45,08.928568,"[0, 1, 2, 2, 2, 2, 2, 2]","[186, 137]"
324,61.11,20170601010210,"[45, 39, 240]","[2, 0, 24]","[0, 0, 0]","[1.0, 1.15, 6.15]",126933,2017-06-12 10:56:46,08.952479,"[0, 1, 2, 2, 2, 2, 2, 2]","[198, 126]"
325,57.23,20170601010210,"[45, 40, 240]","[2, 0, 24]","[0, 0, 0]","[1.0, 1.12, 6.0]",126932,2017-06-12 10:56:46,08.984145,"[0, 1, 2, 2, 2, 2, 2, 2]","[186, 139]"
326,57.98,20170601010210,"[46, 40, 240]","[2, 0, 24]","[0, 0, 0]","[1.0, 1.15, 6.0]",126933,2017-06-12 10:56:47,09.010147,"[0, 1, 2, 2, 2, 2, 2, 2]","[189, 137]"
327,62.39,20170601010210,"[46, 40, 241]","[2, 0, 24]","[0, 0, 0]","[1.0, 1.15, 6.03]",126933,2017-06-12 10:56:48,09.038272,"[0, 1, 2, 2, 2, 2, 2, 2]","[204, 123]"
328,56.1,20170601010210,"[46, 41, 241]","[2, 0, 24]","[0, 0, 0]","[1.0, 1.12, 5.88]",126932,2017-06-12 10:56:49,09.070503,"[0, 1, 2, 2, 2, 2, 2, 2]","[184, 144]"
329,58.05,20170601010210,"[47, 41, 241]","[2, 0, 24]","[0, 0, 0]","[1.0, 1.15, 5.88]",126933,2017-06-12 10:56:50,09.105600,"[0, 1, 2, 2, 2, 2, 2, 2]","[191, 138]"
330,56.67,20170601010210,"[47, 41, 242]","[2, 0, 24]","[0, 0, 0]","[1.0, 1.15, 5.9]",126933,2017-06-12 10:56:50,09.129891,"[0, 1, 2, 2, 2, 2, 2, 2]","[187, 143]"
331,58.31,20170601010210,"[47, 42, 242]","[2, 0, 24]","[0, 0, 0]","[1.0, 1.12, 5.76]",126932,2017-06-12 10:56:51,09.153893,"[0, 1, 2, 2, 2, 2, 2, 2]","[193, 138]"
332,61.14,20170601010210,"[47, 42, 243]","[2, 0, 24]","[0, 0, 1]","[1.0, 1.12, 5.79]",126932,2017-06-12 10:56:52,09.178021,"[0, 1, 2, 2, 2, 2, 2, 2]","[203, 129]"
333,54.35,20170601010210,"[47, 42, 244]","[2, 0, 24]","[0, 0, 2]","[1.0, 1.12, 5.81]",126932,2017-06-12 10:56:53,09.205220,"[0, 1, 2, 2, 2, 2, 2, 2]","[181, 152]"
334,53.89,20170601010210,"[47, 42, 245]","[2, 0, 24]","[0, 0, 3]","[1.0, 1.12, 5.83]",126932,2017-06-12 10:56:54,09.238819,"[0, 1, 2, 2, 2, 2, 2, 2]","[180, 154]"
335,58.51,20170601010210,"[47, 42, 246]","[2, 0, 24]","[0, 0, 4]","[1.0, 1.12, 5.86]",126932,2017-06-12 10:56:54,09.271961,"[0, 1, 2, 2, 2, 2, 2, 2]","[196, 139]"
336,55.65,20170601010210,"[47, 42, 247]","[2, 0, 24]","[0, 0, 5]","[1.0, 1.12, 5.88]",126932,2017-06-12 10:56:55,09.298963,"[0, 1, 2, 2, 2, 2, 2, 2]","[187, 149]"
337,56.97,20170601010210,"[47, 42, 248]","[2, 0, 24]","[0, 0, 6]","[1.0, 1.12, 5.9]",126932,2017-06-12 10:56:56,09.324048,"[0, 1, 2, 2, 2, 2, 2, 2]","[192, 145]"
338,54.73,20170601010210,"[47, 42, 249]","[2, 0, 24]","[0, 0, 7]","[1.0, 1.12, 5.93]",126932,2017-06-12 10:56:57,09.349354,"[0, 1, 2, 2, 2, 2, 2, 2]","[185, 153]"
339,58.11,20170601010210,"[47, 42, 250]","[2, 0, 24]","[0, 0, 8]","[1.0, 1.12, 5.95]",126932,2017-06-12 10:56:58,09.372354,"[0, 1, 2, 2, 2, 2, 2, 2]","[197, 142]"
340,56.76,20170601010210,"[47, 42, 251]","[2, 0, 24]","[0, 0, 9]","[1.0, 1.12, 5.98]",126932,2017-06-12 10:56:58,09.405675,"[0, 1, 2, 2, 2, 2, 2, 2]","[193, 147]"
341,63.64,20170601010210,"[47, 42, 252]","[2, 0, 24]","[0, 0, 10]","[1.0, 1.12, 6.0]",126932,2017-06-12 10:56:59,09.436691,"[0, 1, 2, 2, 2, 2, 2, 2]","[217, 124]"
342,55.56,20170601010210,"[47, 42, 253]","[2, 0, 24]","[0, 0, 11]","[1.0, 1.12, 6.02]",126932,2017-06-12 10:57:00,09.464451,"[0, 1, 2, 2, 2, 2, 2, 2]","[190, 152]"
343,58.6,20170601010210,"[47, 42, 254]","[2, 0, 24]","[0, 0, 12]","[1.0, 1.12, 6.05]",126932,2017-06-12 10:57:01,09.490346,"[0, 1, 2, 2, 2, 2, 2, 2]","[201, 142]"
344,57.56,20170601010210,"[47, 42, 255]","[2, 0, 24]","[0, 0, 13]","[1.0, 1.12, 6.07]",126932,2017-06-12 10:57:02,09.515345,"[0, 1, 2, 2, 2, 2, 2, 2]","[198, 146]"
345,60.29,20170601010210,"[47, 42, 256]","[2, 0, 24]","[0, 0, 14]","[1.0, 1.12, 6.1]",126932,2017-06-12 10:57:02,09.545758,"[0, 1, 2, 2, 2, 2, 2, 2]","[208, 137]"
346,61.56,20170601010210,"[47, 42, 257]","[2, 0, 24]","[0, 0, 15]","[1.0, 1.12, 6.12]",126932,2017-06-12 10:57:03,09.571759,"[0, 1, 2, 2, 2, 2, 2, 2]","[213, 133]"
347,55.33,20170601010210,"[47, 42, 258]","[2, 0, 24]","[0, 0, 16]","[1.0, 1.12, 6.14]",126932,2017-06-12 10:57:04,09.601761,"[0, 1, 2, 2, 2, 2, 2, 2]","[192, 155]"
348,58.05,20170601010210,"[47, 42, 259]","[2, 0, 24]","[0, 0, 17]","[1.0, 1.12, 6.17]",126932,2017-06-12 10:57:05,09.630700,"[0, 1, 2, 2, 2, 2, 2, 2]","[202, 146]"
349,59.6,20170601010210,"[47, 42, 260]","[2, 0, 24]","[0, 0, 18]","[1.0, 1.12, 6.19]",126932,2017-06-12 10:57:06,09.657702,"[0, 1, 2, 2, 2, 2, 2, 2]","[208, 141]"
350,59.43,20170601010210,"[47, 42, 261]","[2, 0, 24]","[0, 0, 19]","[1.0, 1.12, 6.21]",126932,2017-06-12 10:57:07,09.690657,"[0, 1, 2, 2, 2, 2, 2, 2]","[208, 142]"
351,62.39,20170601010210,"[47, 42, 262]","[2, 0, 24]","[0, 0, 20]","[1.0, 1.12, 6.24]",126932,2017-06-12 10:57:07,09.722792,"[0, 1, 2, 2, 2, 2, 2, 2]","[219, 132]"
352,56.82,20170601010210,"[47, 42, 263]","[2, 0, 24]","[0, 0, 21]","[1.0, 1.12, 6.26]",126932,2017-06-12 10:57:08,09.749253,"[0, 1, 2, 2, 2, 2, 2, 2]","[200, 152]"
353,57.51,20170601010210,"[47, 42, 264]","[2, 0, 24]","[0, 0, 22]","[1.0, 1.12, 6.29]",126932,2017-06-12 10:57:09,09.816258,"[0, 1, 2, 2, 2, 2, 2, 2]","[203, 150]"
354,56.78,20170601010210,"[47, 42, 265]","[2, 0, 24]","[0, 0, 23]","[1.0, 1.12, 6.31]",126932,2017-06-12 10:57:10,09.848275,"[0, 1, 2, 2, 2, 2, 2, 2]","[201, 153]"
355,64.51,20170601010210,"[47, 42, 266]","[2, 0, 24]","[0, 0, 24]","[1.0, 1.12, 6.33]",126932,2017-06-12 10:57:11,09.875388,"[0, 1, 2, 2, 2, 2, 2, 2]","[229, 126]"
356,60.96,20170601010210,"[47, 42, 267]","[2, 0, 24]","[0, 0, 25]","[1.0, 1.12, 6.36]",126932,2017-06-12 10:57:12,09.898396,"[0, 1, 2, 2, 2, 2, 2, 2]","[217, 139]"
357,61.62,20170601010210,"[47, 42, 268]","[2, 0, 0]","[0, 0, 0]","[1.0, 1.12, 6.38]",126932,2017-06-12 10:57:12,09.921573,"[0, 1, 2, 2, 2, 2, 2, 2]","[220, 137]"
358,62.01,20170601010210,"[47, 43, 268]","[2, 0, 0]","[0, 0, 0]","[1.0, 1.09, 6.23]",126931,2017-06-12 10:57:13,09.946706,"[0, 1, 2, 2, 2, 2, 2, 2]","[222, 136]"
359,58.5,20170601010210,"[47, 43, 269]","[2, 0, 0]","[0, 0, 0]","[1.0, 1.09, 6.26]",126931,2017-06-12 10:57:14,09.969828,"[0, 1, 2, 2, 2, 2, 2, 2]","[210, 149]"
360,59.44,20170601010210,"[48, 43, 269]","[2, 0, 0]","[0, 0, 0]","[1.0, 1.12, 6.26]",126932,2017-06-12 10:57:15,09.994504,"[0, 1, 2, 2, 2, 2, 2, 2]","[214, 146]"
361,56.79,20170601010210,"[48, 44, 269]","[2, 0, 0]","[0, 0, 0]","[1.0, 1.09, 6.11]",126922,2017-06-12 10:57:16,10.022555,"[0, 1, 2, 2, 2, 2, 2, 2]","[205, 156]"
362,60.22,20170601010210,"[48, 44, 270]","[2, 0, 0]","[0, 0, 1]","[1.0, 1.09, 6.14]",126922,2017-06-12 10:57:16,10.049171,"[0, 1, 2, 2, 2, 2, 2, 2]","[218, 144]"
363,58.13,20170601010210,"[48, 44, 271]","[2, 0, 2]","[0, 0, 2]","[1.0, 1.09, 6.16]",126922,2017-06-12 10:57:17,10.078184,"[0, 1, 2, 2, 2, 2, 2, 2]","[211, 152]"
364,59.07,20170601010210,"[48, 44, 272]","[2, 0, 2]","[0, 0, 3]","[1.0, 1.09, 6.18]",126922,2017-06-12 10:57:18,10.105333,"[0, 1, 2, 2, 2, 2, 2, 2]","[215, 149]"
365,60.55,20170601010210,"[48, 44, 273]","[2, 0, 4]","[0, 0, 4]","[1.0, 1.09, 6.2]",126922,2017-06-12 10:57:19,10.134658,"[0, 1, 2, 2, 2, 2, 2, 2]","[221, 144]"
366,60.93,20170601010210,"[48, 44, 274]","[2, 0, 4]","[0, 0, 5]","[1.0, 1.09, 6.23]",126922,2017-06-12 10:57:19,10.157775,"[0, 1, 2, 2, 2, 2, 2, 2]","[223, 143]"
367,58.04,20170601010210,"[48, 44, 275]","[2, 0, 6]","[0, 0, 6]","[1.0, 1.09, 6.25]",126922,2017-06-12 10:57:20,10.187984,"[0, 1, 2, 2, 2, 2, 2, 2]","[213, 154]"
368,61.68,20170601010210,"[48, 44, 276]","[2, 0, 6]","[0, 0, 7]","[1.0, 1.09, 6.27]",126922,2017-06-12 10:57:21,10.222038,"[0, 1, 2, 2, 2, 2, 2, 2]","[227, 141]"
369,62.06,20170601010210,"[48, 44, 277]","[2, 0, 8]","[0, 0, 8]","[1.0, 1.09, 6.3]",126922,2017-06-12 10:57:22,10.248826,"[0, 1, 2, 2, 2, 2, 2, 2]","[229, 140]"
370,61.08,20170601010210,"[48, 44, 278]","[2, 0, 8]","[0, 0, 9]","[1.0, 1.09, 6.32]",126922,2017-06-12 10:57:23,10.278042,"[0, 1, 2, 2, 2, 2, 2, 2]","[226, 144]"
371,61.46,20170601010210,"[48, 44, 279]","[2, 0, 10]","[0, 0, 10]","[1.0, 1.09, 6.34]",126922,2017-06-12 10:57:23,10.304197,"[0, 1, 2, 2, 2, 2, 2, 2]","[228, 143]"
372,59.68,20170601010210,"[48, 44, 280]","[2, 0, 10]","[0, 0, 11]","[1.0, 1.09, 6.36]",126922,2017-06-12 10:57:24,10.333696,"[0, 1, 2, 2, 2, 2, 2, 2]","[222, 150]"
373,60.32,20170601010210,"[48, 44, 281]","[2, 0, 12]","[0, 0, 12]","[1.0, 1.09, 6.39]",126922,2017-06-12 10:57:25,10.357679,"[0, 1, 2, 2, 2, 2, 2, 2]","[225, 148]"
374,62.3,20170601010210,"[48, 44, 282]","[2, 0, 12]","[0, 0, 13]","[1.0, 1.09, 6.41]",126922,2017-06-12 10:57:26,10.388176,"[0, 1, 2, 2, 2, 2, 2, 2]","[233, 141]"
375,59.2,20170601010210,"[48, 44, 283]","[2, 0, 14]","[0, 0, 14]","[1.0, 1.09, 6.43]",126922,2017-06-12 10:57:27,10.413432,"[0, 1, 2, 2, 2, 2, 2, 2]","[222, 153]"
376,58.78,20170601010210,"[48, 44, 284]","[2, 0, 14]","[0, 0, 15]","[1.0, 1.09, 6.45]",126922,2017-06-12 10:57:27,10.445031,"[0, 1, 2, 2, 2, 2, 2, 2]","[221, 155]"
377,58.62,20170601010210,"[48, 44, 285]","[2, 0, 16]","[0, 0, 16]","[1.0, 1.09, 6.48]",126922,2017-06-12 10:57:28,10.475028,"[0, 1, 2, 2, 2, 2, 2, 2]","[221, 156]"
378,59.52,20170601010210,"[48, 44, 286]","[2, 0, 16]","[0, 0, 17]","[1.0, 1.09, 6.5]",126922,2017-06-12 10:57:29,10.508025,"[0, 1, 2, 2, 2, 2, 2, 2]","[225, 153]"
379,61.74,20170601010210,"[48, 44, 287]","[2, 0, 0]","[0, 0, 0]","[1.0, 1.09, 6.52]",126922,2017-06-12 10:57:30,10.535044,"[0, 1, 2, 2, 2, 2, 2, 2, 2]","[234, 145]"
380,60.0,20170601010210,"[49, 44, 287]","[2, 0, 0]","[0, 0, 0]","[1.0, 1.11, 6.52]",126923,2017-06-12 10:57:31,10.567166,"[0, 1, 2, 2, 2, 2, 2, 2, 2]","[228, 152]"
381,63.25,20170601010210,"[49, 44, 288]","[2, 0, 0]","[0, 0, 1]","[1.0, 1.11, 6.55]",126923,2017-06-12 10:57:31,10.591539,"[0, 1, 2, 2, 2, 2, 2, 2, 2]","[241, 140]"
382,60.47,20170601010210,"[49, 44, 289]","[2, 0, 2]","[0, 0, 2]","[1.0, 1.11, 6.57]",126923,2017-06-12 10:57:32,10.615540,"[0, 1, 2, 2, 2, 2, 2, 2, 2]","[231, 151]"
383,60.05,20170601010210,"[49, 44, 290]","[2, 0, 2]","[0, 0, 3]","[1.0, 1.11, 6.59]",126923,2017-06-12 10:57:33,10.640397,"[0, 1, 2, 2, 2, 2, 2, 2, 2]","[230, 153]"
384,60.68,20170601010210,"[49, 44, 291]","[2, 0, 4]","[0, 0, 4]","[1.0, 1.11, 6.61]",126923,2017-06-12 10:57:34,10.668377,"[0, 1, 2, 2, 2, 2, 2, 2, 2]","[233, 151]"
385,59.48,20170601010210,"[49, 44, 292]","[2, 0, 4]","[0, 0, 5]","[1.0, 1.11, 6.64]",126923,2017-06-12 10:57:34,10.698295,"[0, 1, 2, 2, 2, 2, 2, 2, 2]","[229, 156]"
386,59.33,20170601010210,"[49, 44, 293]","[2, 0, 6]","[0, 0, 6]","[1.0, 1.11, 6.66]",126923,2017-06-12 10:57:35,10.724310,"[0, 1, 2, 2, 2, 2, 2, 2, 2]","[229, 157]"
387,57.88,20170601010210,"[49, 44, 294]","[2, 0, 6]","[0, 0, 7]","[1.0, 1.11, 6.68]",126923,2017-06-12 10:57:36,10.754394,"[0, 1, 2, 2, 2, 2, 2, 2, 2]","[224, 163]"
388,61.86,20170601010210,"[49, 44, 295]","[2, 0, 8]","[0, 0, 8]","[1.0, 1.11, 6.7]",126923,2017-06-12 10:57:37,10.778605,"[0, 1, 2, 2, 2, 2, 2, 2, 2]","[240, 148]"
389,60.41,20170601010210,"[49, 44, 296]","[2, 0, 8]","[0, 0, 0]","[1.0, 1.11, 6.73]",126923,2017-06-12 10:57:38,10.849347,"[0, 1, 2, 2, 2, 2, 2, 2, 2]","[235, 154]"
390,63.08,20170601010210,"[50, 44, 296]","[2, 0, 8]","[0, 0, 0]","[1.0, 1.14, 6.73]",126934,2017-06-12 10:57:39,10.885352,"[0, 1, 2, 2, 2, 2, 2, 2, 2]","[246, 144]"
391,61.64,20170601010210,"[50, 44, 297]","[2, 0, 8]","[0, 0, 0]","[1.0, 1.14, 6.75]",126934,2017-06-12 10:57:40,10.912373,"[0, 1, 2, 2, 2, 2, 2, 2, 2]","[241, 150]"
392,61.73,20170601010210,"[50, 45, 297]","[2, 0, 8]","[0, 0, 0]","[1.0, 1.11, 6.6]",126923,2017-06-12 10:57:40,10.974364,"[0, 1, 2, 2, 2, 2, 2, 2, 2]","[242, 150]"
393,63.61,20170601010210,"[51, 45, 297]","[2, 0, 8]","[0, 0, 0]","[1.0, 1.13, 6.6]",126934,2017-06-12 10:57:41,11.040970,"[0, 1, 2, 2, 2, 2, 2, 2, 2]","[250, 143]"
394,57.11,20170601010210,"[51, 45, 298]","[2, 0, 8]","[0, 0, 1]","[1.0, 1.13, 6.62]",126934,2017-06-12 10:57:42,11.087281,"[0, 1, 2, 2, 2, 2, 2, 2, 2]","[225, 169]"
395,61.27,20170601010210,"[51, 45, 299]","[2, 0, 8]","[0, 0, 2]","[1.0, 1.13, 6.64]",126934,2017-06-12 10:57:43,11.122406,"[0, 1, 2, 2, 2, 2, 2, 2, 2]","[242, 153]"
396,61.36,20170601010210,"[51, 45, 300]","[2, 0, 8]","[0, 0, 3]","[1.0, 1.13, 6.67]",126934,2017-06-12 10:57:44,11.153963,"[0, 1, 2, 2, 2, 2, 2, 2, 2]","[243, 153]"
397,65.49,20170601010210,"[51, 45, 301]","[2, 0, 8]","[0, 0, 4]","[1.0, 1.13, 6.69]",126934,2017-06-12 10:57:45,11.211950,"[0, 1, 2, 2, 2, 2, 2, 2, 2]","[260, 137]"
398,59.55,20170601010210,"[51, 45, 302]","[2, 0, 8]","[0, 0, 5]","[1.0, 1.13, 6.71]",126934,2017-06-12 10:57:45,11.268204,"[0, 1, 2, 2, 2, 2, 2, 2, 2]","[237, 161]"
399,60.4,20170601010210,"[51, 45, 303]","[2, 0, 8]","[0, 0, 6]","[1.0, 1.13, 6.73]",126934,2017-06-12 10:57:46,11.324193,"[0, 1, 2, 2, 2, 2, 2, 2, 2]","[241, 158]"
400,61.75,20170601010210,"[51, 45, 304]","[2, 0, 8]","[0, 0, 7]","[1.0, 1.13, 6.76]",126934,2017-06-12 10:57:47,11.358558,"[0, 1, 2, 2, 2, 2, 2, 2, 2]","[247, 153]"
401,63.09,20170601010210,"[51, 45, 305]","[2, 0, 8]","[0, 0, 0]","[1.0, 1.13, 6.78]",126934,2017-06-12 10:57:48,11.387705,"[0, 1, 2, 2, 2, 2, 2, 2, 2]","[253, 148]"
402,62.44,20170601010210,"[51, 46, 305]","[2, 0, 8]","[0, 0, 0]","[1.0, 1.11, 6.63]",126933,2017-06-12 10:57:48,11.436418,"[0, 1, 2, 2, 2, 2, 2, 2, 2]","[251, 151]"
403,61.54,20170601010210,"[51, 46, 306]","[2, 0, 8]","[0, 0, 1]","[1.0, 1.11, 6.65]",126933,2017-06-12 10:57:49,11.461398,"[0, 1, 2, 2, 2, 2, 2, 2, 2]","[248, 155]"
404,62.38,20170601010210,"[51, 46, 307]","[2, 0, 8]","[0, 0, 2]","[1.0, 1.11, 6.67]",126933,2017-06-12 10:57:50,11.486931,"[0, 1, 2, 2, 2, 2, 2, 2, 2]","[252, 152]"
405,60.99,20170601010210,"[51, 46, 308]","[2, 0, 8]","[0, 0, 3]","[1.0, 1.11, 6.7]",126933,2017-06-12 10:57:51,11.518040,"[0, 1, 2, 2, 2, 2, 2, 2, 2]","[247, 158]"
406,62.07,20170601010210,"[51, 46, 309]","[2, 0, 8]","[0, 0, 4]","[1.0, 1.11, 6.72]",126933,2017-06-12 10:57:52,11.547777,"[0, 1, 2, 2, 2, 2, 2, 2, 2]","[252, 154]"
407,62.65,20170601010210,"[51, 46, 310]","[2, 0, 8]","[0, 0, 5]","[1.0, 1.11, 6.74]",126933,2017-06-12 10:57:52,11.576779,"[0, 1, 2, 2, 2, 2, 2, 2, 2]","[255, 152]"
408,63.73,20170601010210,"[51, 46, 311]","[2, 0, 8]","[0, 0, 0]","[1.0, 1.11, 6.76]",126933,2017-06-12 10:57:53,11.611863,"[0, 1, 2, 2, 2, 2, 2, 2, 2]","[260, 148]"
409,62.35,20170601010210,"[51, 47, 311]","[2, 0, 8]","[0, 0, 0]","[1.0, 1.09, 6.62]",126931,2017-06-12 10:57:54,11.652431,"[0, 1, 2, 2, 2, 2, 2, 2, 2]","[255, 154]"
410,62.93,20170601010210,"[52, 47, 311]","[2, 0, 8]","[0, 0, 0]","[1.0, 1.11, 6.62]",126933,2017-06-12 10:57:55,11.683286,"[0, 1, 2, 2, 2, 2, 2, 2, 2]","[258, 152]"
411,60.83,20170601010210,"[52, 47, 312]","[2, 0, 8]","[0, 0, 1]","[1.0, 1.11, 6.64]",126933,2017-06-12 10:57:55,11.708288,"[0, 1, 2, 2, 2, 2, 2, 2, 2]","[250, 161]"
412,63.59,20170601010210,"[52, 47, 313]","[2, 0, 8]","[0, 0, 0]","[1.0, 1.11, 6.66]",126933,2017-06-12 10:57:56,11.740588,"[0, 1, 2, 2, 2, 2, 2, 2, 2]","[262, 150]"
413,63.92,20170601010210,"[52, 48, 313]","[2, 0, 8]","[0, 0, 0]","[1.0, 1.08, 6.52]",126931,2017-06-12 10:57:57,11.765614,"[0, 1, 2, 2, 2, 2, 2, 2, 2]","[264, 149]"
414,57.73,20170601010210,"[52, 48, 314]","[2, 0, 8]","[0, 0, 1]","[1.0, 1.08, 6.54]",126931,2017-06-12 10:57:58,11.796531,"[0, 1, 2, 2, 2, 2, 2, 2, 2]","[239, 175]"
415,61.93,20170601010210,"[52, 48, 315]","[2, 0, 8]","[0, 0, 2]","[1.0, 1.08, 6.56]",126931,2017-06-12 10:57:59,11.825534,"[0, 1, 2, 2, 2, 2, 2, 2, 2]","[257, 158]"
416,62.74,20170601010210,"[52, 48, 316]","[2, 0, 8]","[0, 0, 3]","[1.0, 1.08, 6.58]",126931,2017-06-12 10:57:59,11.857659,"[0, 1, 2, 2, 2, 2, 2, 2, 2]","[261, 155]"
417,64.03,20170601010210,"[52, 48, 317]","[2, 0, 8]","[0, 0, 4]","[1.0, 1.08, 6.6]",126931,2017-06-12 10:58:00,11.883888,"[0, 1, 2, 2, 2, 2, 2, 2, 2]","[267, 150]"
418,60.05,20170601010210,"[52, 48, 318]","[2, 0, 8]","[0, 0, 5]","[1.0, 1.08, 6.62]",126931,2017-06-12 10:58:01,11.907983,"[0, 1, 2, 2, 2, 2, 2, 2, 2]","[251, 167]"
419,61.81,20170601010210,"[52, 48, 319]","[2, 0, 8]","[0, 0, 6]","[1.0, 1.08, 6.65]",126931,2017-06-12 10:58:02,11.934120,"[0, 1, 2, 2, 2, 2, 2, 2, 2]","[259, 160]"
420,60.48,20170601010210,"[52, 48, 320]","[2, 0, 8]","[0, 0, 7]","[1.0, 1.08, 6.67]",126931,2017-06-12 10:58:03,11.963573,"[0, 1, 2, 2, 2, 2, 2, 2, 2]","[254, 166]"
421,61.76,20170601010210,"[52, 48, 321]","[2, 0, 8]","[0, 0, 8]","[1.0, 1.08, 6.69]",126931,2017-06-12 10:58:03,11.996550,"[0, 1, 2, 2, 2, 2, 2, 2, 2]","[260, 161]"
422,58.53,20170601010210,"[52, 48, 322]","[2, 0, 8]","[0, 0, 9]","[1.0, 1.08, 6.71]",126931,2017-06-12 10:58:04,12.021602,"[0, 1, 2, 2, 2, 2, 2, 2, 2]","[247, 175]"
423,60.52,20170601010210,"[52, 48, 323]","[2, 0, 10]","[0, 0, 10]","[1.0, 1.08, 6.73]",126931,2017-06-12 10:58:05,12.049604,"[0, 1, 2, 2, 2, 2, 2, 2, 2]","[256, 167]"
424,63.44,20170601010210,"[52, 48, 324]","[2, 0, 10]","[0, 0, 11]","[1.0, 1.08, 6.75]",126931,2017-06-12 10:58:06,12.082715,"[0, 1, 2, 2, 2, 2, 2, 2, 2]","[269, 155]"
425,60.94,20170601010210,"[52, 48, 325]","[2, 0, 12]","[0, 0, 12]","[1.0, 1.08, 6.77]",126931,2017-06-12 10:58:07,12.108053,"[0, 1, 2, 2, 2, 2, 2, 2, 2]","[259, 166]"
426,61.27,20170601010210,"[52, 48, 326]","[2, 0, 12]","[0, 0, 13]","[1.0, 1.08, 6.79]",126931,2017-06-12 10:58:07,12.140182,"[0, 1, 2, 2, 2, 2, 2, 2, 2]","[261, 165]"
427,61.59,20170601010210,"[52, 48, 327]","[2, 0, 14]","[0, 0, 14]","[1.0, 1.08, 6.81]",126931,2017-06-12 10:58:08,12.171928,"[0, 1, 2, 2, 2, 2, 2, 2, 2]","[263, 164]"
428,63.32,20170601010210,"[52, 48, 328]","[2, 0, 14]","[0, 0, 15]","[1.0, 1.08, 6.83]",126931,2017-06-12 10:58:09,12.197926,"[0, 1, 2, 2, 2, 2, 2, 2, 2]","[271, 157]"
429,63.17,20170601010210,"[52, 48, 329]","[2, 0, 16]","[0, 0, 16]","[1.0, 1.08, 6.85]",126931,2017-06-12 10:58:10,12.225929,"[0, 1, 2, 2, 2, 2, 2, 2, 2]","[271, 158]"
430,62.56,20170601010210,"[52, 48, 330]","[2, 0, 16]","[0, 0, 17]","[1.0, 1.08, 6.88]",126931,2017-06-12 10:58:11,12.255062,"[0, 1, 2, 2, 2, 2, 2, 2, 2]","[269, 161]"
431,63.81,20170601010210,"[52, 48, 331]","[2, 0, 18]","[0, 0, 18]","[1.0, 1.08, 6.9]",126931,2017-06-12 10:58:11,12.283047,"[0, 1, 2, 2, 2, 2, 2, 2, 2]","[275, 156]"
432,60.65,20170601010210,"[52, 48, 332]","[2, 0, 18]","[0, 0, 19]","[1.0, 1.08, 6.92]",126931,2017-06-12 10:58:12,12.307861,"[0, 1, 2, 2, 2, 2, 2, 2, 2]","[262, 170]"
433,63.97,20170601010210,"[52, 48, 333]","[2, 0, 20]","[0, 0, 20]","[1.0, 1.08, 6.94]",126931,2017-06-12 10:58:13,12.337841,"[0, 1, 2, 2, 2, 2, 2, 2, 2]","[277, 156]"
434,58.06,20170601010210,"[52, 48, 334]","[2, 0, 20]","[0, 0, 21]","[1.0, 1.08, 6.96]",126931,2017-06-12 10:58:14,12.370865,"[0, 1, 2, 2, 2, 2, 2, 2, 2]","[252, 182]"
435,62.07,20170601010210,"[52, 48, 335]","[2, 0, 22]","[0, 0, 22]","[1.0, 1.08, 6.98]",126931,2017-06-12 10:58:15,12.404538,"[0, 1, 2, 2, 2, 2, 2, 2, 2]","[270, 165]"
436,60.78,20170601010210,"[52, 48, 336]","[2, 0, 22]","[0, 0, 23]","[1.0, 1.08, 7.0]",126931,2017-06-12 10:58:15,12.438787,"[0, 1, 2, 2, 2, 2, 2, 2, 2]","[265, 171]"
437,62.93,20170601010210,"[52, 48, 337]","[2, 0, 0]","[0, 0, 0]","[1.0, 1.08, 7.02]",126931,2017-06-12 10:58:16,12.472788,"[0, 1, 2, 2, 2, 2, 2, 2, 2]","[275, 162]"
438,64.61,20170601010210,"[53, 48, 337]","[2, 0, 0]","[0, 0, 0]","[1.0, 1.1, 7.02]",126932,2017-06-12 10:58:17,12.503895,"[0, 1, 2, 2, 2, 2, 2, 2, 2]","[283, 155]"
439,63.33,20170601010210,"[53, 49, 337]","[2, 0, 0]","[0, 0, 0]","[1.0, 1.08, 6.88]",126931,2017-06-12 10:58:18,12.539124,"[0, 1, 2, 2, 2, 2, 2, 2, 2]","[278, 161]"
440,64.09,20170601010210,"[54, 49, 337]","[2, 0, 0]","[0, 0, 0]","[1.0, 1.1, 6.88]",126932,2017-06-12 10:58:19,12.564125,"[0, 1, 2, 2, 2, 2, 2, 2, 2]","[282, 158]"
441,64.63,20170601010210,"[54, 50, 337]","[2, 0, 0]","[0, 0, 0]","[1.0, 1.08, 6.74]",126931,2017-06-12 10:58:19,12.595770,"[0, 1, 2, 2, 2, 2, 2, 2, 2]","[285, 156]"
442,62.22,20170601010210,"[55, 50, 337]","[2, 0, 0]","[0, 0, 0]","[1.0, 1.1, 6.74]",126932,2017-06-12 10:58:20,12.625791,"[0, 1, 2, 2, 2, 2, 2, 2, 2]","[275, 167]"
443,61.17,20170601010210,"[55, 50, 338]","[2, 0, 0]","[0, 0, 1]","[1.0, 1.1, 6.76]",126932,2017-06-12 10:58:21,12.660089,"[0, 1, 2, 2, 2, 2, 2, 2, 2]","[271, 172]"
444,63.06,20170601010210,"[55, 50, 339]","[2, 0, 2]","[0, 0, 2]","[1.0, 1.1, 6.78]",126932,2017-06-12 10:58:22,12.692185,"[0, 1, 2, 2, 2, 2, 2, 2, 2]","[280, 164]"
445,62.02,20170601010210,"[55, 50, 340]","[2, 0, 2]","[0, 0, 3]","[1.0, 1.1, 6.8]",126932,2017-06-12 10:58:23,12.718352,"[0, 1, 2, 2, 2, 2, 2, 2, 2]","[276, 169]"
446,59.42,20170601010210,"[55, 50, 341]","[2, 0, 4]","[0, 0, 4]","[1.0, 1.1, 6.82]",126932,2017-06-12 10:58:23,12.747356,"[0, 1, 2, 2, 2, 2, 2, 2, 2]","[265, 181]"
447,60.63,20170601010210,"[55, 50, 342]","[2, 0, 4]","[0, 0, 5]","[1.0, 1.1, 6.84]",126932,2017-06-12 10:58:24,12.792358,"[0, 1, 2, 2, 2, 2, 2, 2, 2]","[271, 176]"
448,62.28,20170601010210,"[55, 50, 343]","[2, 0, 6]","[0, 0, 6]","[1.0, 1.1, 6.86]",126932,2017-06-12 10:58:25,12.819977,"[0, 1, 2, 2, 2, 2, 2, 2, 2]","[279, 169]"
449,65.48,20170601010210,"[55, 50, 344]","[2, 0, 6]","[0, 0, 7]","[1.0, 1.1, 6.88]",126932,2017-06-12 10:58:26,12.851961,"[0, 1, 2, 2, 2, 2, 2, 2, 2]","[294, 155]"
450,63.56,20170601010210,"[55, 50, 345]","[2, 0, 8]","[0, 0, 8]","[1.0, 1.1, 6.9]",126932,2017-06-12 10:58:27,12.879126,"[0, 1, 2, 2, 2, 2, 2, 2, 2]","[286, 164]"
451,61.42,20170601010210,"[55, 50, 346]","[2, 0, 8]","[0, 0, 9]","[1.0, 1.1, 6.92]",126932,2017-06-12 10:58:27,12.915305,"[0, 1, 2, 2, 2, 2, 2, 2, 2]","[277, 174]"
452,63.5,20170601010210,"[55, 50, 347]","[2, 0, 0]","[0, 0, 0]","[1.0, 1.1, 6.94]",126932,2017-06-12 10:58:28,12.941290,"[0, 1, 2, 2, 2, 2, 2, 2, 2]","[287, 165]"
453,61.15,20170601010210,"[55, 51, 347]","[2, 0, 0]","[0, 0, 0]","[1.0, 1.08, 6.8]",126922,2017-06-12 10:58:29,12.979314,"[0, 1, 2, 2, 2, 2, 2, 2, 2]","[277, 176]"
454,59.25,20170601010210,"[55, 51, 348]","[2, 0, 0]","[0, 0, 1]","[1.0, 1.08, 6.82]",126922,2017-06-12 10:58:30,13.013952,"[0, 1, 2, 2, 2, 2, 2, 2, 2]","[269, 185]"
455,58.9,20170601010210,"[55, 51, 349]","[2, 0, 0]","[0, 0, 0]","[1.0, 1.08, 6.84]",126922,2017-06-12 10:58:30,13.041297,"[0, 1, 2, 2, 2, 2, 2, 2, 2]","[268, 187]"
456,60.53,20170601010210,"[56, 51, 349]","[2, 0, 0]","[0, 0, 0]","[1.0, 1.1, 6.84]",126932,2017-06-12 10:58:31,13.069524,"[0, 1, 2, 2, 2, 2, 2, 2, 2]","[276, 180]"
457,60.83,20170601010210,"[56, 52, 349]","[2, 0, 0]","[0, 0, 0]","[1.0, 1.08, 6.71]",126922,2017-06-12 10:58:32,13.095155,"[0, 1, 2, 2, 2, 2, 2, 2, 2]","[278, 179]"
458,58.95,20170601010210,"[56, 52, 350]","[2, 0, 0]","[0, 0, 1]","[1.0, 1.08, 6.73]",126922,2017-06-12 10:58:33,13.137284,"[0, 1, 2, 2, 2, 2, 2, 2, 2]","[270, 188]"
459,63.18,20170601010210,"[56, 52, 351]","[2, 0, 2]","[0, 0, 2]","[1.0, 1.08, 6.75]",126922,2017-06-12 10:58:34,13.169530,"[0, 1, 2, 2, 2, 2, 2, 2, 2]","[290, 169]"
460,60.22,20170601010210,"[56, 52, 352]","[2, 0, 2]","[0, 0, 3]","[1.0, 1.08, 6.77]",126922,2017-06-12 10:58:34,13.194275,"[0, 1, 2, 2, 2, 2, 2, 2, 2]","[277, 183]"
461,60.3,20170601010210,"[56, 52, 353]","[2, 0, 4]","[0, 0, 4]","[1.0, 1.08, 6.79]",126922,2017-06-12 10:58:35,13.245661,"[0, 1, 2, 2, 2, 2, 2, 2, 2]","[278, 183]"
462,64.29,20170601010210,"[56, 52, 354]","[2, 0, 4]","[0, 0, 5]","[1.0, 1.08, 6.81]",126922,2017-06-12 10:58:36,13.278935,"[0, 1, 2, 2, 2, 2, 2, 2, 2]","[297, 165]"
